time, voltage, celcious, Error, Derivative of Err, Integral of Error, time on 
0 , 2.082344 , 28.522615 , 0.000000, 381.907654
1 , 2.081538 , 28.547155 , 0.452845, 0.000000, 0.465115, 363.205933
2 , 2.078315 , 28.645308 , 0.354692, 0.000000, 0.868883, 285.491730
3 , 2.087179 , 28.375387 , 0.624613, 0.000000, 1.358536, 502.407318
4 , 2.083956 , 28.473539 , 0.526461, 0.000000, 1.934072, 425.036652
5 , 2.082344 , 28.522615 , 0.477385, 0.000000, 2.435995, 386.779633
6 , 2.081538 , 28.547155 , 0.452845, 0.000000, 2.901110, 368.077911
7 , 2.087985 , 28.350849 , 0.649151, 0.000000, 3.452107, 526.224915
8 , 2.079121 , 28.620770 , 0.379230, 0.000000, 3.966298, 311.316986
9 , 2.079927 , 28.596231 , 0.403769, 0.000000, 4.357798, 331.730438
10 , 2.080733 , 28.571693 , 0.428307, 0.000000, 4.773835, 352.192932
11 , 2.079121 , 28.620770 , 0.379230, 0.000000, 5.177604, 313.739594
12 , 2.082344 , 28.522615 , 0.477385, 0.000000, 5.605911, 393.119476
13 , 2.086374 , 28.399925 , 0.600075, 0.000000, 6.144641, 492.349091
14 , 2.087985 , 28.350849 , 0.649151, 0.000000, 6.769254, 532.859192
15 , 2.082344 , 28.522615 , 0.477385, 0.000000, 7.332521, 396.572693
16 , 2.079927 , 28.596231 , 0.403769, 0.000000, 7.773098, 338.561035
17 , 2.080733 , 28.571693 , 0.428307, 0.000000, 8.189136, 359.023529
18 , 2.077509 , 28.669846 , 0.330154, 0.000000, 8.568366, 281.260254
19 , 2.090403 , 28.277233 , 0.722767, 0.000000, 9.094827, 596.403137
20 , 2.079121 , 28.620770 , 0.379230, 0.000000, 9.645825, 322.676056
21 , 2.083956 , 28.473539 , 0.526461, 0.000000, 10.098671, 441.365845
22 , 2.084762 , 28.449001 , 0.550999, 0.000000, 10.637401, 462.073761
23 , 2.080733 , 28.571693 , 0.428307, 0.000000, 11.127053, 364.899384
24 , 2.090403 , 28.277233 , 0.722767, 0.000000, 11.702590, 601.618652
25 , 2.087985 , 28.350849 , 0.649151, 0.000000, 12.388549, 544.097778
26 , 2.081538 , 28.547155 , 0.452845, 0.000000, 12.939547, 388.154785
27 , 2.083956 , 28.473539 , 0.526461, 0.000000, 13.429199, 448.026917
28 , 2.072674 , 28.817076 , 0.182924, 0.000000, 13.783892, 173.907196
29 , 2.083956 , 28.473539 , 0.526461, 0.000000, 14.138584, 449.445679
30 , 2.079927 , 28.596231 , 0.403769, 0.000000, 14.603699, 352.222229
31 , 2.077509 , 28.669846 , 0.330154, 0.000000, 14.970660, 294.064850
32 , 2.079121 , 28.620770 , 0.379230, 0.000000, 15.325353, 334.035095
33 , 2.079927 , 28.596231 , 0.403769, 0.000000, 15.716852, 354.448547
34 , 2.075897 , 28.718922 , 0.281078, 0.000000, 16.059277, 256.981232
35 , 2.085568 , 28.424463 , 0.575537, 0.000000, 16.487583, 493.404541
36 , 2.072674 , 28.817076 , 0.182924, 0.000000, 16.866814, 180.073044
37 , 2.076703 , 28.694384 , 0.305616, 0.000000, 17.111084, 278.715271
38 , 2.087985 , 28.350849 , 0.649151, 0.000000, 17.588467, 554.497620
39 , 2.086374 , 28.399925 , 0.600075, 0.000000, 18.213079, 516.485962
40 , 2.087985 , 28.350849 , 0.649151, 0.000000, 18.837692, 556.996094
41 , 2.072674 , 28.817076 , 0.182924, 0.000000, 19.253731, 184.846878
42 , 2.082344 , 28.522615 , 0.477385, 0.000000, 19.583885, 421.075439
43 , 2.079121 , 28.620770 , 0.379230, 0.000000, 20.012192, 343.408783
44 , 2.083956 , 28.473539 , 0.526461, 0.000000, 20.465038, 462.098602
45 , 2.086374 , 28.399925 , 0.600075, 0.000000, 21.028305, 522.116455
46 , 2.079927 , 28.596231 , 0.403769, 0.000000, 21.530228, 366.075287
47 , 2.076703 , 28.694384 , 0.305616, 0.000000, 21.884920, 288.262939
48 , 2.079927 , 28.596231 , 0.403769, 0.000000, 22.239613, 367.494049
49 , 2.083956 , 28.473539 , 0.526461, 0.000000, 22.704727, 466.577972
50 , 2.075897 , 28.718922 , 0.281078, 0.000000, 23.108498, 271.079651
51 , 2.087985 , 28.350849 , 0.649151, 0.000000, 23.573612, 566.467896
52 , 2.086374 , 28.399925 , 0.600075, 0.000000, 24.198225, 528.456238
53 , 2.081538 , 28.547155 , 0.452845, 0.000000, 24.724686, 411.725067
54 , 2.079927 , 28.596231 , 0.403769, 0.000000, 25.152992, 373.320801
55 , 2.082344 , 28.522615 , 0.477385, 0.000000, 25.593569, 433.094788
56 , 2.086374 , 28.399925 , 0.600075, 0.000000, 26.132298, 532.324402
57 , 2.084762 , 28.449001 , 0.550999, 0.000000, 26.707834, 494.214630
58 , 2.087985 , 28.350849 , 0.649151, 0.000000, 27.307909, 573.936523
59 , 2.084762 , 28.449001 , 0.550999, 0.000000, 27.907984, 496.614929
60 , 2.077509 , 28.669846 , 0.330154, 0.000000, 28.348560, 320.820648
61 , 2.084762 , 28.449001 , 0.550999, 0.000000, 28.789137, 498.377228
62 , 2.075897 , 28.718922 , 0.281078, 0.000000, 29.205175, 283.273010
63 , 2.079121 , 28.620770 , 0.379230, 0.000000, 29.535330, 362.455048
64 , 2.088791 , 28.326309 , 0.673691, 0.000000, 30.061790, 599.076233
65 , 2.080733 , 28.571693 , 0.428307, 0.000000, 30.612789, 403.870850
66 , 2.074286 , 28.768000 , 0.232000, 0.000000, 30.942944, 247.486176
67 , 2.076703 , 28.694384 , 0.305616, 0.000000, 31.211752, 306.916595
68 , 2.083150 , 28.498077 , 0.501923, 0.000000, 31.615520, 464.769135
69 , 2.075897 , 28.718922 , 0.281078, 0.000000, 32.007019, 288.876709
70 , 2.090403 , 28.277233 , 0.722767, 0.000000, 32.508942, 643.231384
71 , 2.087985 , 28.350849 , 0.649151, 0.000000, 33.194901, 585.710449
72 , 2.081538 , 28.547155 , 0.452845, 0.000000, 33.745899, 429.767487
73 , 2.075897 , 28.718922 , 0.281078, 0.000000, 34.112862, 293.088379
74 , 2.078315 , 28.645308 , 0.354692, 0.000000, 34.430748, 352.615479
75 , 2.077509 , 28.669846 , 0.330154, 0.000000, 34.773170, 333.669861
76 , 2.081538 , 28.547155 , 0.452845, 0.000000, 35.164669, 432.605042
77 , 2.077509 , 28.669846 , 0.330154, 0.000000, 35.556168, 335.235870
78 , 2.084762 , 28.449001 , 0.550999, 0.000000, 35.996742, 512.792419
79 , 2.083956 , 28.473539 , 0.526461, 0.000000, 36.535473, 494.239471
80 , 2.075897 , 28.718922 , 0.281078, 0.000000, 36.939243, 298.741150
81 , 2.075897 , 28.718922 , 0.281078, 0.000000, 37.220322, 299.303314
82 , 2.082344 , 28.522615 , 0.477385, 0.000000, 37.599552, 457.106750
83 , 2.087985 , 28.350849 , 0.649151, 0.000000, 38.162819, 595.646301
84 , 2.075897 , 28.718922 , 0.281078, 0.000000, 38.627934, 302.118530
85 , 2.084762 , 28.449001 , 0.550999, 0.000000, 39.043972, 518.886902
86 , 2.075897 , 28.718922 , 0.281078, 0.000000, 39.460011, 303.782684
87 , 2.079121 , 28.620770 , 0.379230, 0.000000, 39.790165, 382.964722
88 , 2.079121 , 28.620770 , 0.379230, 0.000000, 40.169395, 383.723206
89 , 2.084762 , 28.449001 , 0.550999, 0.000000, 40.634510, 522.067993
90 , 2.083956 , 28.473539 , 0.526461, 0.000000, 41.173241, 503.515015
91 , 2.092820 , 28.203619 , 0.796381, 0.000000, 41.834663, 720.774109
92 , 2.075897 , 28.718922 , 0.281078, 0.000000, 42.373394, 309.609467
93 , 2.075897 , 28.718922 , 0.281078, 0.000000, 42.654472, 310.171631
94 , 2.075092 , 28.743462 , 0.256538, 0.000000, 42.923279, 291.077271
95 , 2.075897 , 28.718922 , 0.281078, 0.000000, 43.192085, 311.246826
96 , 2.077509 , 28.669846 , 0.330154, 0.000000, 43.497704, 351.118958
97 , 2.075897 , 28.718922 , 0.281078, 0.000000, 43.803322, 312.469299
98 , 2.079927 , 28.596231 , 0.403769, 0.000000, 44.145744, 411.306335
99 , 2.077509 , 28.669846 , 0.330154, 0.000000, 44.512707, 353.148956
100 , 2.076703 , 28.694384 , 0.305616, 0.000000, 44.830593, 334.154297
101 , 2.079927 , 28.596231 , 0.403769, 0.000000, 45.185287, 413.385406
102 , 2.084762 , 28.449001 , 0.550999, 0.000000, 45.662670, 532.124268
103 , 2.075092 , 28.743462 , 0.256538, 0.000000, 46.066437, 297.363586
104 , 2.079927 , 28.596231 , 0.403769, 0.000000, 46.396591, 415.808014
105 , 2.072674 , 28.817076 , 0.182924, 0.000000, 46.689938, 239.719299
106 , 2.075897 , 28.718922 , 0.281078, 0.000000, 46.921940, 318.706543
107 , 2.077509 , 28.669846 , 0.330154, 0.000000, 47.227554, 358.578644
108 , 2.082344 , 28.522615 , 0.477385, 0.000000, 47.631325, 477.170288
109 , 2.075897 , 28.718922 , 0.281078, 0.000000, 48.010555, 320.883789
110 , 2.075897 , 28.718922 , 0.281078, 0.000000, 48.291634, 321.445923
111 , 2.072674 , 28.817076 , 0.182924, 0.000000, 48.523636, 243.386688
112 , 2.079121 , 28.620770 , 0.379230, 0.000000, 48.804714, 400.993835
113 , 2.078315 , 28.645308 , 0.354692, 0.000000, 49.171677, 382.097321
114 , 2.081538 , 28.547155 , 0.452845, 0.000000, 49.575447, 461.426575
115 , 2.072674 , 28.817076 , 0.182924, 0.000000, 49.893333, 246.126083
116 , 2.067839 , 28.964306 , 0.035694, 0.000000, 50.002644, 128.560577
117 , 2.078315 , 28.645308 , 0.354692, 0.000000, 50.197838, 384.149658
118 , 2.084762 , 28.449001 , 0.550999, 0.000000, 50.650684, 542.100342
119 , 2.081538 , 28.547155 , 0.452845, 0.000000, 51.152607, 464.580902
120 , 2.080733 , 28.571693 , 0.428307, 0.000000, 51.593182, 445.831635
121 , 2.077509 , 28.669846 , 0.330154, 0.000000, 51.972412, 368.068359
122 , 2.083956 , 28.473539 , 0.526461, 0.000000, 52.400719, 525.969971
123 , 2.083956 , 28.473539 , 0.526461, 0.000000, 52.927177, 527.022888
124 , 2.075897 , 28.718922 , 0.281078, 0.000000, 53.330948, 331.524567
125 , 2.069451 , 28.915228 , 0.084772, 0.000000, 53.513874, 174.845428
126 , 2.077509 , 28.669846 , 0.330154, 0.000000, 53.721336, 371.566223
127 , 2.067839 , 28.964306 , 0.035694, 0.000000, 53.904259, 136.363815
128 , 2.085568 , 28.424463 , 0.575537, 0.000000, 54.209873, 568.849121
129 , 2.079927 , 28.596231 , 0.403769, 0.000000, 54.699524, 432.413879
130 , 2.081538 , 28.547155 , 0.452845, 0.000000, 55.127831, 472.531372
131 , 2.079927 , 28.596231 , 0.403769, 0.000000, 55.556137, 434.127106
132 , 2.075092 , 28.743462 , 0.256538, 0.000000, 55.886292, 317.003296
133 , 2.079121 , 28.620770 , 0.379230, 0.000000, 56.204178, 415.792755
134 , 2.069451 , 28.915228 , 0.084772, 0.000000, 56.436180, 180.690048
135 , 2.071062 , 28.866152 , 0.133848, 0.000000, 56.545490, 220.169525
136 , 2.071062 , 28.866152 , 0.133848, 0.000000, 56.679337, 220.437225
137 , 2.087985 , 28.350849 , 0.649151, 0.000000, 57.070835, 633.462341
138 , 2.076703 , 28.694384 , 0.305616, 0.000000, 57.548218, 359.589539
139 , 2.083956 , 28.473539 , 0.526461, 0.000000, 57.964256, 537.097046
140 , 2.072674 , 28.817076 , 0.182924, 0.000000, 58.318947, 262.977295
141 , 2.070256 , 28.890690 , 0.109310, 0.000000, 58.465065, 204.378250
142 , 2.075897 , 28.718922 , 0.281078, 0.000000, 58.660259, 342.183197
143 , 2.074286 , 28.768000 , 0.232000, 0.000000, 58.916798, 303.433868
144 , 2.071062 , 28.866152 , 0.133848, 0.000000, 59.099724, 225.278000
145 , 2.072674 , 28.817076 , 0.182924, 0.000000, 59.258110, 264.855652
146 , 2.080733 , 28.571693 , 0.428307, 0.000000, 59.563725, 461.772705
147 , 2.078315 , 28.645308 , 0.354692, 0.000000, 59.955223, 403.664429
148 , 2.072674 , 28.817076 , 0.182924, 0.000000, 60.224030, 266.787476
149 , 2.072674 , 28.817076 , 0.182924, 0.000000, 60.406952, 267.153320
150 , 2.074286 , 28.768000 , 0.232000, 0.000000, 60.614414, 306.829102
151 , 2.079927 , 28.596231 , 0.403769, 0.000000, 60.932297, 444.879425
152 , 2.078315 , 28.645308 , 0.354692, 0.000000, 61.311527, 406.377014
153 , 2.071062 , 28.866152 , 0.133848, 0.000000, 61.555798, 230.190155
154 , 2.079927 , 28.596231 , 0.403769, 0.000000, 61.824608, 446.664063
155 , 2.069451 , 28.915228 , 0.084772, 0.000000, 62.068878, 191.955444
156 , 2.074286 , 28.768000 , 0.232000, 0.000000, 62.227264, 310.054810
157 , 2.069451 , 28.915228 , 0.084772, 0.000000, 62.385651, 192.588989
158 , 2.066227 , 29.013382 , -0.013382, 0.000000, 62.421345, 114.137123
159 , 2.070256 , 28.890690 , 0.109310, 0.000000, 62.469307, 212.386734
160 , 2.080733 , 28.571693 , 0.428307, 0.000000, 62.738113, 468.121490
161 , 2.072674 , 28.817076 , 0.182924, 0.000000, 63.043728, 272.426880
162 , 2.071868 , 28.841614 , 0.158386, 0.000000, 63.214382, 253.137756
163 , 2.075092 , 28.743462 , 0.256538, 0.000000, 63.421844, 332.074402
164 , 2.069451 , 28.915228 , 0.084772, 0.000000, 63.592499, 195.002686
165 , 2.066227 , 29.013382 , -0.013382, 0.000000, 63.628193, 116.550819
166 , 2.078315 , 28.645308 , 0.354692, 0.000000, 63.798847, 411.351654
167 , 2.078315 , 28.645308 , 0.354692, 0.000000, 64.153542, 412.061035
168 , 2.078315 , 28.645308 , 0.354692, 0.000000, 64.508232, 412.770447
169 , 2.070256 , 28.890690 , 0.109310, 0.000000, 64.740234, 216.928589
170 , 2.076703 , 28.694384 , 0.305616, 0.000000, 64.947701, 374.388489
171 , 2.075092 , 28.743462 , 0.256538, 0.000000, 65.228775, 335.688263
172 , 2.069451 , 28.915228 , 0.084772, 0.000000, 65.399429, 198.616547
173 , 2.074286 , 28.768000 , 0.232000, 0.000000, 65.557816, 316.715912
174 , 2.067033 , 28.988844 , 0.011156, 0.000000, 65.679398, 140.283661
175 , 2.075092 , 28.743462 , 0.256538, 0.000000, 65.813248, 336.857208
176 , 2.077509 , 28.669846 , 0.330154, 0.000000, 66.106598, 396.336731
177 , 2.075092 , 28.743462 , 0.256538, 0.000000, 66.399948, 338.030609
178 , 2.066227 , 29.013382 , -0.013382, 0.000000, 66.521530, 122.337494
179 , 2.077509 , 28.669846 , 0.330154, 0.000000, 66.679916, 397.483368
180 , 2.071062 , 28.866152 , 0.133848, 0.000000, 66.911919, 240.902390
181 , 2.073480 , 28.792538 , 0.207462, 0.000000, 67.082573, 300.135010
182 , 2.077509 , 28.669846 , 0.330154, 0.000000, 67.351379, 398.826294
183 , 2.074286 , 28.768000 , 0.232000, 0.000000, 67.632454, 320.865173
184 , 2.075897 , 28.718922 , 0.281078, 0.000000, 67.888992, 360.640656
185 , 2.071868 , 28.841614 , 0.158386, 0.000000, 68.108727, 262.926453
186 , 2.076703 , 28.694384 , 0.305616, 0.000000, 68.340729, 381.174561
187 , 2.067033 , 28.988844 , 0.011156, 0.000000, 68.499115, 145.923096
188 , 2.067033 , 28.988844 , 0.011156, 0.000000, 68.510269, 145.945404
189 , 2.069451 , 28.915228 , 0.084772, 0.000000, 68.558235, 204.934158
190 , 2.063810 , 29.086996 , -0.086996, 0.000000, 68.557121, 67.517380
191 , 2.066227 , 29.013382 , -0.013382, 0.000000, 68.506935, 126.308304
192 , 2.074286 , 28.768000 , 0.232000, 0.000000, 68.616241, 322.832764
193 , 2.076703 , 28.694384 , 0.305616, 0.000000, 68.885048, 382.263184
194 , 2.069451 , 28.915228 , 0.084772, 0.000000, 69.080246, 205.978180
195 , 2.063004 , 29.111534 , -0.111534, 0.000000, 69.066864, 48.906433
196 , 2.075092 , 28.743462 , 0.256538, 0.000000, 69.139366, 343.509460
197 , 2.067839 , 28.964306 , 0.035694, 0.000000, 69.285484, 167.126266
198 , 2.063004 , 29.111534 , -0.111534, 0.000000, 69.247566, 49.267838
199 , 2.071062 , 28.866152 , 0.133848, 0.000000, 69.258720, 245.595993
200 , 2.075092 , 28.743462 , 0.256538, 0.000000, 69.453911, 344.138550
201 , 2.075092 , 28.743462 , 0.256538, 0.000000, 69.710449, 344.651611
202 , 2.078315 , 28.645308 , 0.354692, 0.000000, 70.016068, 423.786102
203 , 2.071062 , 28.866152 , 0.133848, 0.000000, 70.260338, 247.599228
204 , 2.069451 , 28.915228 , 0.084772, 0.000000, 70.369644, 208.556976
205 , 2.072674 , 28.817076 , 0.182924, 0.000000, 70.503494, 287.346405
206 , 2.078315 , 28.645308 , 0.354692, 0.000000, 70.772301, 425.298584
207 , 2.077509 , 28.669846 , 0.330154, 0.000000, 71.114723, 406.352966
208 , 2.063810 , 29.086996 , -0.086996, 0.000000, 71.236305, 72.875748
209 , 2.068645 , 28.939768 , 0.060232, 0.000000, 71.222923, 190.631577
210 , 2.067839 , 28.964306 , 0.035694, 0.000000, 71.270889, 171.097076
211 , 2.069451 , 28.915228 , 0.084772, 0.000000, 71.331123, 210.479935
212 , 2.070256 , 28.890690 , 0.109310, 0.000000, 71.428162, 230.304443
213 , 2.074286 , 28.768000 , 0.232000, 0.000000, 71.598816, 328.797913
214 , 2.070256 , 28.890690 , 0.109310, 0.000000, 71.769470, 230.987061
215 , 2.066227 , 29.013382 , -0.013382, 0.000000, 71.817436, 132.929306
216 , 2.071062 , 28.866152 , 0.133848, 0.000000, 71.877670, 250.833893
217 , 2.066227 , 29.013382 , -0.013382, 0.000000, 71.937904, 133.170242
218 , 2.069451 , 28.915228 , 0.084772, 0.000000, 71.973602, 211.764893
219 , 2.075092 , 28.743462 , 0.256538, 0.000000, 72.144257, 349.519226
220 , 2.066227 , 29.013382 , -0.013382, 0.000000, 72.265839, 133.826111
221 , 2.069451 , 28.915228 , 0.084772, 0.000000, 72.301537, 212.420761
222 , 2.070256 , 28.890690 , 0.109310, 0.000000, 72.398575, 232.245270
223 , 2.066227 , 29.013382 , -0.013382, 0.000000, 72.446541, 134.187515
224 , 2.069451 , 28.915228 , 0.084772, 0.000000, 72.482239, 212.782166
225 , 2.070256 , 28.890690 , 0.109310, 0.000000, 72.579277, 232.606674
226 , 2.067033 , 28.988844 , 0.011156, 0.000000, 72.639511, 154.203888
227 , 2.078315 , 28.645308 , 0.354692, 0.000000, 72.822433, 429.398834
228 , 2.077509 , 28.669846 , 0.330154, 0.000000, 73.164856, 410.453247
229 , 2.073480 , 28.792538 , 0.207462, 0.000000, 73.433662, 312.837158
230 , 2.069451 , 28.915228 , 0.084772, 0.000000, 73.579781, 214.977249
231 , 2.067839 , 28.964306 , 0.035694, 0.000000, 73.640015, 175.835327
232 , 2.070256 , 28.890690 , 0.109310, 0.000000, 73.712517, 234.873154
233 , 2.063810 , 29.086996 , -0.086996, 0.000000, 73.723671, 77.850479
234 , 2.063004 , 29.111534 , -0.111534, 0.000000, 73.624405, 58.021515
235 , 2.075092 , 28.743462 , 0.256538, 0.000000, 73.696907, 352.624512
236 , 2.080733 , 28.571693 , 0.428307, 0.000000, 74.039330, 490.723938
237 , 2.078315 , 28.645308 , 0.354692, 0.000000, 74.430832, 432.615631
238 , 2.067033 , 28.988844 , 0.011156, 0.000000, 74.613754, 158.152374
239 , 2.066227 , 29.013382 , -0.013382, 0.000000, 74.612640, 138.519714
240 , 2.066227 , 29.013382 , -0.013382, 0.000000, 74.599258, 138.492950
241 , 2.063810 , 29.086996 , -0.086996, 0.000000, 74.549072, 79.501282
242 , 2.073480 , 28.792538 , 0.207462, 0.000000, 74.609306, 315.188477
243 , 2.069451 , 28.915228 , 0.084772, 0.000000, 74.755424, 217.328537
244 , 2.063004 , 29.111534 , -0.111534, 0.000000, 74.742043, 60.256790
245 , 2.078315 , 28.645308 , 0.354692, 0.000000, 74.863625, 433.481201
246 , 2.070256 , 28.890690 , 0.109310, 0.000000, 75.095627, 237.639374
247 , 2.071868 , 28.841614 , 0.158386, 0.000000, 75.229477, 277.167938
248 , 2.067839 , 28.964306 , 0.035694, 0.000000, 75.326515, 179.208328
249 , 2.063004 , 29.111534 , -0.111534, 0.000000, 75.288597, 61.349899
250 , 2.064615 , 29.062458 , -0.062458, 0.000000, 75.201599, 100.436768
251 , 2.063810 , 29.086996 , -0.086996, 0.000000, 75.126869, 80.656876
252 , 2.075092 , 28.743462 , 0.256538, 0.000000, 75.211639, 355.653992
253 , 2.078315 , 28.645308 , 0.354692, 0.000000, 75.517258, 434.788483
254 , 2.071062 , 28.866152 , 0.133848, 0.000000, 75.761528, 258.601624
255 , 2.063004 , 29.111534 , -0.111534, 0.000000, 75.772682, 62.318069
256 , 2.071868 , 28.841614 , 0.158386, 0.000000, 75.796112, 278.301208
257 , 2.078315 , 28.645308 , 0.354692, 0.000000, 76.052650, 435.859253
258 , 2.072674 , 28.817076 , 0.182924, 0.000000, 76.321457, 298.982330
259 , 2.067033 , 28.988844 , 0.011156, 0.000000, 76.418495, 161.761856
260 , 2.063004 , 29.111534 , -0.111534, 0.000000, 76.368309, 63.509323
261 , 2.066227 , 29.013382 , -0.013382, 0.000000, 76.305847, 141.906128
262 , 2.065421 , 29.037920 , -0.037920, 0.000000, 76.280197, 122.224396
263 , 2.067033 , 28.988844 , 0.011156, 0.000000, 76.266815, 161.458496
264 , 2.081538 , 28.547155 , 0.452845, 0.000000, 76.498817, 515.273315
265 , 2.070256 , 28.890690 , 0.109310, 0.000000, 76.779892, 241.007904
266 , 2.063004 , 29.111534 , -0.111534, 0.000000, 76.778778, 64.330261
267 , 2.066227 , 29.013382 , -0.013382, 0.000000, 76.716324, 142.727081
268 , 2.071062 , 28.866152 , 0.133848, 0.000000, 76.776558, 260.631653
269 , 2.064615 , 29.062458 , -0.062458, 0.000000, 76.812256, 103.658081
270 , 2.068645 , 28.939768 , 0.060232, 0.000000, 76.811142, 201.808014
271 , 2.074286 , 28.768000 , 0.232000, 0.000000, 76.957260, 339.514801
272 , 2.066227 , 29.013382 , -0.013382, 0.000000, 77.066566, 143.427567
273 , 2.063004 , 29.111534 , -0.111534, 0.000000, 77.004105, 64.780914
274 , 2.069451 , 28.915228 , 0.084772, 0.000000, 76.990723, 221.799133
275 , 2.063004 , 29.111534 , -0.111534, 0.000000, 76.977341, 64.727386
276 , 2.078315 , 28.645308 , 0.354692, 0.000000, 77.098923, 437.951813
277 , 2.067839 , 28.964306 , 0.035694, 0.000000, 77.294113, 183.143524
278 , 2.075092 , 28.743462 , 0.256538, 0.000000, 77.440231, 360.111176
279 , 2.063004 , 29.111534 , -0.111534, 0.000000, 77.512733, 65.798172
280 , 2.074286 , 28.768000 , 0.232000, 0.000000, 77.572968, 340.746216
281 , 2.069451 , 28.915228 , 0.084772, 0.000000, 77.731354, 223.280396
282 , 2.078315 , 28.645308 , 0.354692, 0.000000, 77.951088, 439.656128
283 , 2.070256 , 28.890690 , 0.109310, 0.000000, 78.183090, 243.814301
284 , 2.056557 , 29.307848 , -0.307848, 0.000000, 78.083824, 0.000000
285 , 2.069451 , 28.915228 , 0.084772, 0.000000, 77.972290, 223.762268
286 , 2.068645 , 28.939768 , 0.060232, 0.000000, 78.044792, 204.275314
287 , 2.063004 , 29.111534 , -0.111534, 0.000000, 78.019142, 66.810989
288 , 2.063004 , 29.111534 , -0.111534, 0.000000, 77.907608, 66.587921
289 , 2.078315 , 28.645308 , 0.354692, 0.000000, 78.029190, 439.812347
290 , 2.075092 , 28.743462 , 0.256538, 0.000000, 78.334808, 361.900330
291 , 2.065421 , 29.037920 , -0.037920, 0.000000, 78.444115, 126.552231
292 , 2.064615 , 29.062458 , -0.062458, 0.000000, 78.393929, 106.821426
293 , 2.075092 , 28.743462 , 0.256538, 0.000000, 78.490967, 362.212646
294 , 2.075092 , 28.743462 , 0.256538, 0.000000, 78.747505, 362.725708
295 , 2.066227 , 29.013382 , -0.013382, 0.000000, 78.869080, 147.032593
296 , 2.066227 , 29.013382 , -0.013382, 0.000000, 78.855698, 147.005829
297 , 2.064615 , 29.062458 , -0.062458, 0.000000, 78.817780, 107.669128
298 , 2.069451 , 28.915228 , 0.084772, 0.000000, 78.828934, 225.475555
299 , 2.078315 , 28.645308 , 0.354692, 0.000000, 79.048668, 441.851318
300 , 2.071062 , 28.866152 , 0.133848, 0.000000, 79.292938, 265.664429
301 , 2.071062 , 28.866152 , 0.133848, 0.000000, 79.426788, 265.932129
302 , 2.071062 , 28.866152 , 0.133848, 0.000000, 79.560638, 266.199829
303 , 2.071868 , 28.841614 , 0.158386, 0.000000, 79.706757, 286.122498
304 , 2.075092 , 28.743462 , 0.256538, 0.000000, 79.914215, 365.059143
305 , 2.074286 , 28.768000 , 0.232000, 0.000000, 80.158485, 345.917236
306 , 2.075092 , 28.743462 , 0.256538, 0.000000, 80.402756, 366.036224
307 , 2.071062 , 28.866152 , 0.133848, 0.000000, 80.597946, 268.274445
308 , 2.075092 , 28.743462 , 0.256538, 0.000000, 80.793137, 366.816986
309 , 2.075092 , 28.743462 , 0.256538, 0.000000, 81.049675, 367.330078
310 , 2.069451 , 28.915228 , 0.084772, 0.000000, 81.220329, 230.258347
311 , 2.071062 , 28.866152 , 0.133848, 0.000000, 81.329636, 269.737823
312 , 2.075092 , 28.743462 , 0.256538, 0.000000, 81.524826, 368.280365
313 , 2.069451 , 28.915228 , 0.084772, 0.000000, 81.695480, 231.208649
314 , 2.076703 , 28.694384 , 0.305616, 0.000000, 81.890671, 408.274445
315 , 2.075092 , 28.743462 , 0.256538, 0.000000, 82.171745, 369.574219
316 , 2.067033 , 28.988844 , 0.011156, 0.000000, 82.305595, 173.536057
317 , 2.069451 , 28.915228 , 0.084772, 0.000000, 82.353561, 232.524811
318 , 2.066227 , 29.013382 , -0.013382, 0.000000, 82.389259, 154.072952
319 , 2.066227 , 29.013382 , -0.013382, 0.000000, 82.375877, 154.046188
320 , 2.069451 , 28.915228 , 0.084772, 0.000000, 82.411575, 232.640839
321 , 2.063004 , 29.111534 , -0.111534, 0.000000, 82.398193, 75.569092
322 , 2.069451 , 28.915228 , 0.084772, 0.000000, 82.384811, 232.587311
323 , 2.069451 , 28.915228 , 0.084772, 0.000000, 82.469582, 232.756851
324 , 2.069451 , 28.915228 , 0.084772, 0.000000, 82.554352, 232.926392
325 , 2.069451 , 28.915228 , 0.084772, 0.000000, 82.639122, 233.095932
326 , 2.063004 , 29.111534 , -0.111534, 0.000000, 82.625740, 76.024185
327 , 2.081538 , 28.547155 , 0.452845, 0.000000, 82.796394, 527.868469
328 , 2.071868 , 28.841614 , 0.158386, 0.000000, 83.102013, 292.913025
329 , 2.070256 , 28.890690 , 0.109310, 0.000000, 83.235863, 253.919846
330 , 2.072674 , 28.817076 , 0.182924, 0.000000, 83.381981, 313.103394
331 , 2.071062 , 28.866152 , 0.133848, 0.000000, 83.540367, 274.159302
332 , 2.071868 , 28.841614 , 0.158386, 0.000000, 83.686485, 294.081970
333 , 2.079927 , 28.596231 , 0.403769, 0.000000, 83.967560, 490.949951
334 , 2.066227 , 29.013382 , -0.013382, 0.000000, 84.162750, 157.619934
335 , 2.071868 , 28.841614 , 0.158386, 0.000000, 84.235252, 295.179504
336 , 2.075092 , 28.743462 , 0.256538, 0.000000, 84.442719, 374.116150
337 , 2.077509 , 28.669846 , 0.330154, 0.000000, 84.736069, 433.595673
338 , 2.072674 , 28.817076 , 0.182924, 0.000000, 84.992607, 316.324646
339 , 2.065421 , 29.037920 , -0.037920, 0.000000, 85.065109, 139.794220
340 , 2.075092 , 28.743462 , 0.256538, 0.000000, 85.174416, 375.579529
341 , 2.066227 , 29.013382 , -0.013382, 0.000000, 85.295990, 159.886414
342 , 2.071868 , 28.841614 , 0.158386, 0.000000, 85.368492, 297.445984
343 , 2.078315 , 28.645308 , 0.354692, 0.000000, 85.625031, 455.004028
344 , 2.069451 , 28.915228 , 0.084772, 0.000000, 85.844765, 239.507217
345 , 2.080733 , 28.571693 , 0.428307, 0.000000, 86.101303, 514.847900
346 , 2.078315 , 28.645308 , 0.354692, 0.000000, 86.492805, 456.739563
347 , 2.063810 , 29.086996 , -0.086996, 0.000000, 86.626656, 103.656448
348 , 2.067033 , 28.988844 , 0.011156, 0.000000, 86.588737, 182.102341
349 , 2.067839 , 28.964306 , 0.035694, 0.000000, 86.612160, 201.779617
350 , 2.075092 , 28.743462 , 0.256538, 0.000000, 86.758278, 378.747253
351 , 2.069451 , 28.915228 , 0.084772, 0.000000, 86.928932, 241.675552
352 , 2.079927 , 28.596231 , 0.403769, 0.000000, 87.173203, 497.361237
353 , 2.069451 , 28.915228 , 0.084772, 0.000000, 87.417473, 242.652634
354 , 2.068645 , 28.939768 , 0.060232, 0.000000, 87.489975, 223.165680
355 , 2.071062 , 28.866152 , 0.133848, 0.000000, 87.587013, 282.252563
356 , 2.071868 , 28.841614 , 0.158386, 0.000000, 87.733131, 302.175232
357 , 2.080733 , 28.571693 , 0.428307, 0.000000, 88.026474, 518.698242
358 , 2.075092 , 28.743462 , 0.256538, 0.000000, 88.368896, 381.968506
359 , 2.067839 , 28.964306 , 0.035694, 0.000000, 88.515015, 205.585327
360 , 2.073480 , 28.792538 , 0.207462, 0.000000, 88.636597, 343.243042
361 , 2.066227 , 29.013382 , -0.013382, 0.000000, 88.733635, 166.761703
362 , 2.075092 , 28.743462 , 0.256538, 0.000000, 88.855209, 382.941132
363 , 2.073480 , 28.792538 , 0.207462, 0.000000, 89.087212, 344.144287
364 , 2.072674 , 28.817076 , 0.182924, 0.000000, 89.282402, 324.904236
365 , 2.075092 , 28.743462 , 0.256538, 0.000000, 89.502136, 384.234985
366 , 2.069451 , 28.915228 , 0.084772, 0.000000, 89.672791, 247.163269
367 , 2.079927 , 28.596231 , 0.403769, 0.000000, 89.917061, 502.848938
368 , 2.078315 , 28.645308 , 0.354692, 0.000000, 90.296295, 464.346558
369 , 2.067033 , 28.988844 , 0.011156, 0.000000, 90.479218, 189.883301
370 , 2.071868 , 28.841614 , 0.158386, 0.000000, 90.563988, 307.836975
371 , 2.079927 , 28.596231 , 0.403769, 0.000000, 90.845062, 504.704956
372 , 2.079927 , 28.596231 , 0.403769, 0.000000, 91.248833, 505.512512
373 , 2.067033 , 28.988844 , 0.011156, 0.000000, 91.456299, 191.837463
374 , 2.069451 , 28.915228 , 0.084772, 0.000000, 91.504265, 250.826218
375 , 2.078315 , 28.645308 , 0.354692, 0.000000, 91.723999, 467.201965
376 , 2.079927 , 28.596231 , 0.403769, 0.000000, 92.103226, 507.221283
377 , 2.072674 , 28.817076 , 0.182924, 0.000000, 92.396576, 331.132568
378 , 2.063004 , 29.111534 , -0.111534, 0.000000, 92.432274, 95.637253
379 , 2.075092 , 28.743462 , 0.256538, 0.000000, 92.504776, 390.240265
380 , 2.080733 , 28.571693 , 0.428307, 0.000000, 92.847198, 528.339661
381 , 2.078315 , 28.645308 , 0.354692, 0.000000, 93.238701, 470.231384
382 , 2.069451 , 28.915228 , 0.084772, 0.000000, 93.458435, 254.734558
383 , 2.072674 , 28.817076 , 0.182924, 0.000000, 93.592285, 333.523987
384 , 2.077509 , 28.669846 , 0.330154, 0.000000, 93.848824, 451.821167
385 , 2.066227 , 29.013382 , -0.013382, 0.000000, 94.007210, 177.308853
386 , 2.063004 , 29.111534 , -0.111534, 0.000000, 93.944748, 98.662201
387 , 2.072674 , 28.817076 , 0.182924, 0.000000, 93.980446, 334.300293
388 , 2.074286 , 28.768000 , 0.232000, 0.000000, 94.187912, 373.976105
389 , 2.063004 , 29.111534 , -0.111534, 0.000000, 94.248146, 99.268997
390 , 2.079927 , 28.596231 , 0.403769, 0.000000, 94.394264, 511.803345
391 , 2.071062 , 28.866152 , 0.133848, 0.000000, 94.663071, 296.404694
392 , 2.069451 , 28.915228 , 0.084772, 0.000000, 94.772385, 257.362457
393 , 2.063004 , 29.111534 , -0.111534, 0.000000, 94.759003, 100.290710
394 , 2.078315 , 28.645308 , 0.354692, 0.000000, 94.880585, 473.515137
395 , 2.078315 , 28.645308 , 0.354692, 0.000000, 95.235275, 474.224518
396 , 2.069451 , 28.915228 , 0.084772, 0.000000, 95.455009, 258.727722
397 , 2.071062 , 28.866152 , 0.133848, 0.000000, 95.564316, 298.207184
398 , 2.063810 , 29.086996 , -0.086996, 0.000000, 95.587738, 121.578613
399 , 2.069451 , 28.915228 , 0.084772, 0.000000, 95.586624, 258.990936
400 , 2.063004 , 29.111534 , -0.111534, 0.000000, 95.573242, 101.919189
401 , 2.079927 , 28.596231 , 0.403769, 0.000000, 95.719360, 514.453552
402 , 2.075092 , 28.743462 , 0.256538, 0.000000, 96.049515, 397.329742
403 , 2.074286 , 28.768000 , 0.232000, 0.000000, 96.293785, 378.187866
404 , 2.069451 , 28.915228 , 0.084772, 0.000000, 96.452171, 260.722046
405 , 2.068645 , 28.939768 , 0.060232, 0.000000, 96.524673, 241.235077
406 , 2.069451 , 28.915228 , 0.084772, 0.000000, 96.597176, 261.012024
407 , 2.073480 , 28.792538 , 0.207462, 0.000000, 96.743294, 359.456421
408 , 2.071062 , 28.866152 , 0.133848, 0.000000, 96.913948, 300.906433
409 , 2.072674 , 28.817076 , 0.182924, 0.000000, 97.072334, 340.484070
410 , 2.078315 , 28.645308 , 0.354692, 0.000000, 97.341141, 478.436249
411 , 2.069451 , 28.915228 , 0.084772, 0.000000, 97.560875, 262.939453
412 , 2.072674 , 28.817076 , 0.182924, 0.000000, 97.694725, 341.728882
413 , 2.079927 , 28.596231 , 0.403769, 0.000000, 97.988068, 518.990967
414 , 2.072674 , 28.817076 , 0.182924, 0.000000, 98.281418, 342.902252
415 , 2.071062 , 28.866152 , 0.133848, 0.000000, 98.439804, 303.958160
416 , 2.084762 , 28.449001 , 0.550999, 0.000000, 98.782227, 638.363403
417 , 2.069451 , 28.915228 , 0.084772, 0.000000, 99.100113, 266.017914
418 , 2.069451 , 28.915228 , 0.084772, 0.000000, 99.184883, 266.187439
419 , 2.081538 , 28.547155 , 0.452845, 0.000000, 99.453690, 561.183105
420 , 2.080733 , 28.571693 , 0.428307, 0.000000, 99.894264, 542.433777
421 , 2.078315 , 28.645308 , 0.354692, 0.000000, 100.285767, 484.325500
422 , 2.075092 , 28.743462 , 0.256538, 0.000000, 100.591385, 406.413483
423 , 2.077509 , 28.669846 , 0.330154, 0.000000, 100.884735, 465.893005
424 , 2.072674 , 28.817076 , 0.182924, 0.000000, 101.141273, 348.621948
425 , 2.070256 , 28.890690 , 0.109310, 0.000000, 101.287392, 290.022888
426 , 2.075092 , 28.743462 , 0.256538, 0.000000, 101.470314, 408.171326
427 , 2.075897 , 28.718922 , 0.281078, 0.000000, 101.739120, 428.340912
428 , 2.070256 , 28.890690 , 0.109310, 0.000000, 101.934311, 291.316742
429 , 2.072674 , 28.817076 , 0.182924, 0.000000, 102.080429, 350.500275
430 , 2.073480 , 28.792538 , 0.207462, 0.000000, 102.275620, 370.521088
431 , 2.072674 , 28.817076 , 0.182924, 0.000000, 102.470810, 351.281036
432 , 2.075092 , 28.743462 , 0.256538, 0.000000, 102.690544, 410.611816
433 , 2.077509 , 28.669846 , 0.330154, 0.000000, 102.983887, 470.091309
434 , 2.071062 , 28.866152 , 0.133848, 0.000000, 103.215889, 313.510315
435 , 2.074286 , 28.768000 , 0.232000, 0.000000, 103.398811, 392.397888
436 , 2.066227 , 29.013382 , -0.013382, 0.000000, 103.508118, 196.310669
437 , 2.082344 , 28.522615 , 0.477385, 0.000000, 103.740120, 589.387878
438 , 2.069451 , 28.915228 , 0.084772, 0.000000, 104.021194, 275.860077
439 , 2.077509 , 28.669846 , 0.330154, 0.000000, 104.228661, 472.580872
440 , 2.084762 , 28.449001 , 0.550999, 0.000000, 104.669235, 650.137451
441 , 2.083150 , 28.498077 , 0.501923, 0.000000, 105.195694, 611.929443
442 , 2.072674 , 28.817076 , 0.182924, 0.000000, 105.538116, 357.415649
443 , 2.078315 , 28.645308 , 0.354692, 0.000000, 105.806923, 495.367798
444 , 2.081538 , 28.547155 , 0.452845, 0.000000, 106.210693, 574.697083
445 , 2.080733 , 28.571693 , 0.428307, 0.000000, 106.651268, 555.947815
446 , 2.071062 , 28.866152 , 0.133848, 0.000000, 106.932343, 320.943237
447 , 2.071062 , 28.866152 , 0.133848, 0.000000, 107.066193, 321.210938
448 , 2.072674 , 28.817076 , 0.182924, 0.000000, 107.224579, 360.788574
449 , 2.070256 , 28.890690 , 0.109310, 0.000000, 107.370697, 302.189514
450 , 2.065421 , 29.037920 , -0.037920, 0.000000, 107.406395, 184.476791
451 , 2.075092 , 28.743462 , 0.256538, 0.000000, 107.515701, 420.262115
452 , 2.078315 , 28.645308 , 0.354692, 0.000000, 107.821320, 499.396606
453 , 2.069451 , 28.915228 , 0.084772, 0.000000, 108.041054, 283.899780
454 , 2.078315 , 28.645308 , 0.354692, 0.000000, 108.260788, 500.275543
455 , 2.069451 , 28.915228 , 0.084772, 0.000000, 108.480522, 284.778748
456 , 2.074286 , 28.768000 , 0.232000, 0.000000, 108.638908, 402.878113
457 , 2.070256 , 28.890690 , 0.109310, 0.000000, 108.809563, 305.067261
458 , 2.071062 , 28.866152 , 0.133848, 0.000000, 108.931145, 324.940857
459 , 2.067033 , 28.988844 , 0.011156, 0.000000, 109.003647, 226.932159
460 , 2.073480 , 28.792538 , 0.207462, 0.000000, 109.112953, 384.195740
461 , 2.079927 , 28.596231 , 0.403769, 0.000000, 109.418571, 541.851990
462 , 2.079927 , 28.596231 , 0.403769, 0.000000, 109.822342, 542.659546
463 , 2.072674 , 28.817076 , 0.182924, 0.000000, 110.115692, 366.570801
464 , 2.071062 , 28.866152 , 0.133848, 0.000000, 110.274078, 327.626709
465 , 2.078315 , 28.645308 , 0.354692, 0.000000, 110.518349, 504.790649
466 , 2.067033 , 28.988844 , 0.011156, 0.000000, 110.701271, 230.327408
467 , 2.076703 , 28.694384 , 0.305616, 0.000000, 110.859657, 466.212402
468 , 2.072674 , 28.817076 , 0.182924, 0.000000, 111.103928, 368.547272
469 , 2.069451 , 28.915228 , 0.084772, 0.000000, 111.237778, 290.293243
470 , 2.077509 , 28.669846 , 0.330154, 0.000000, 111.445244, 487.014038
471 , 2.069451 , 28.915228 , 0.084772, 0.000000, 111.652710, 291.123108
472 , 2.072674 , 28.817076 , 0.182924, 0.000000, 111.786560, 369.912537
473 , 2.072674 , 28.817076 , 0.182924, 0.000000, 111.969482, 370.278381
474 , 2.069451 , 28.915228 , 0.084772, 0.000000, 112.103333, 292.024353
475 , 2.074286 , 28.768000 , 0.232000, 0.000000, 112.261719, 410.123718
476 , 2.070256 , 28.890690 , 0.109310, 0.000000, 112.432373, 312.312866
477 , 2.069451 , 28.915228 , 0.084772, 0.000000, 112.529411, 292.876526
478 , 2.087179 , 28.375387 , 0.624613, 0.000000, 112.884102, 725.458435
479 , 2.075092 , 28.743462 , 0.256538, 0.000000, 113.324677, 431.880066
480 , 2.077509 , 28.669846 , 0.330154, 0.000000, 113.618027, 491.359589
481 , 2.081538 , 28.547155 , 0.452845, 0.000000, 114.009529, 590.294739
482 , 2.075092 , 28.743462 , 0.256538, 0.000000, 114.364220, 433.959167
483 , 2.066227 , 29.013382 , -0.013382, 0.000000, 114.485794, 218.266022
484 , 2.072674 , 28.817076 , 0.182924, 0.000000, 114.570564, 375.480530
485 , 2.069451 , 28.915228 , 0.084772, 0.000000, 114.704414, 297.226501
486 , 2.071062 , 28.866152 , 0.133848, 0.000000, 114.813721, 336.705994
487 , 2.081538 , 28.547155 , 0.452845, 0.000000, 115.107071, 592.489868
488 , 2.068645 , 28.939768 , 0.060232, 0.000000, 115.363609, 278.912964
489 , 2.073480 , 28.792538 , 0.207462, 0.000000, 115.497459, 396.964783
490 , 2.077509 , 28.669846 , 0.330154, 0.000000, 115.766266, 495.656067
491 , 2.071868 , 28.841614 , 0.158386, 0.000000, 116.010536, 358.730042
492 , 2.075092 , 28.743462 , 0.256538, 0.000000, 116.218002, 437.666718
493 , 2.071868 , 28.841614 , 0.158386, 0.000000, 116.425461, 359.559906
494 , 2.076703 , 28.694384 , 0.305616, 0.000000, 116.657463, 477.808044
495 , 2.078315 , 28.645308 , 0.354692, 0.000000, 116.987617, 517.729187
496 , 2.081538 , 28.547155 , 0.452845, 0.000000, 117.391388, 597.058472
497 , 2.078315 , 28.645308 , 0.354692, 0.000000, 117.795158, 519.344299
498 , 2.072674 , 28.817076 , 0.182924, 0.000000, 118.063965, 382.467346
499 , 2.067839 , 28.964306 , 0.035694, 0.000000, 118.173271, 264.901855
500 , 2.075897 , 28.718922 , 0.281078, 0.000000, 118.331657, 461.526001
501 , 2.069451 , 28.915228 , 0.084772, 0.000000, 118.514580, 304.846863
502 , 2.075092 , 28.743462 , 0.256538, 0.000000, 118.685234, 442.601196
503 , 2.069451 , 28.915228 , 0.084772, 0.000000, 118.855888, 305.529480
504 , 2.073480 , 28.792538 , 0.207462, 0.000000, 119.002007, 403.973877
505 , 2.069451 , 28.915228 , 0.084772, 0.000000, 119.148125, 306.113953
506 , 2.078315 , 28.645308 , 0.354692, 0.000000, 119.367859, 522.489685
507 , 2.075092 , 28.743462 , 0.256538, 0.000000, 119.673477, 444.577667
508 , 2.077509 , 28.669846 , 0.330154, 0.000000, 119.966827, 504.057190
509 , 2.072674 , 28.817076 , 0.182924, 0.000000, 120.223366, 386.786133
510 , 2.069451 , 28.915228 , 0.084772, 0.000000, 120.357216, 308.532104
511 , 2.074286 , 28.768000 , 0.232000, 0.000000, 120.515602, 426.631470
512 , 2.069451 , 28.915228 , 0.084772, 0.000000, 120.673988, 309.165649
513 , 2.069451 , 28.915228 , 0.084772, 0.000000, 120.758759, 309.335205
514 , 2.081538 , 28.547155 , 0.452845, 0.000000, 121.027565, 604.330811
515 , 2.063004 , 29.111534 , -0.111534, 0.000000, 121.198219, 153.169144
516 , 2.078315 , 28.645308 , 0.354692, 0.000000, 121.319801, 526.393555
517 , 2.073480 , 28.792538 , 0.207462, 0.000000, 121.600876, 409.171600
518 , 2.079927 , 28.596231 , 0.403769, 0.000000, 121.906494, 566.827820
519 , 2.069451 , 28.915228 , 0.084772, 0.000000, 122.150764, 312.119202
520 , 2.084762 , 28.449001 , 0.550999, 0.000000, 122.468651, 685.736267
521 , 2.069451 , 28.915228 , 0.084772, 0.000000, 122.786537, 313.390747
522 , 2.070256 , 28.890690 , 0.109310, 0.000000, 122.883575, 333.215271
523 , 2.070256 , 28.890690 , 0.109310, 0.000000, 122.992889, 333.433899
524 , 2.066227 , 29.013382 , -0.013382, 0.000000, 123.040855, 235.376144
525 , 2.065421 , 29.037920 , -0.037920, 0.000000, 123.015205, 215.694412
526 , 2.056557 , 29.307848 , -0.307848, 0.000000, 122.842323, 0.000000
527 , 2.075092 , 28.743462 , 0.256538, 0.000000, 122.816666, 450.864044
528 , 2.075092 , 28.743462 , 0.256538, 0.000000, 123.073204, 451.377136
529 , 2.067839 , 28.964306 , 0.035694, 0.000000, 123.219322, 274.993958
530 , 2.077509 , 28.669846 , 0.330154, 0.000000, 123.402245, 510.928040
531 , 2.072674 , 28.817076 , 0.182924, 0.000000, 123.658783, 393.656982
532 , 2.077509 , 28.669846 , 0.330154, 0.000000, 123.915321, 511.954163
533 , 2.069451 , 28.915228 , 0.084772, 0.000000, 124.122787, 316.063263
534 , 2.080733 , 28.571693 , 0.428307, 0.000000, 124.379326, 591.403931
535 , 2.068645 , 28.939768 , 0.060232, 0.000000, 124.623596, 297.432922
536 , 2.063004 , 29.111534 , -0.111534, 0.000000, 124.597946, 159.968597
537 , 2.074286 , 28.768000 , 0.232000, 0.000000, 124.658180, 434.916626
538 , 2.072674 , 28.817076 , 0.182924, 0.000000, 124.865646, 396.070709
539 , 2.065421 , 29.037920 , -0.037920, 0.000000, 124.938148, 219.540298
540 , 2.083956 , 28.473539 , 0.526461, 0.000000, 125.182419, 671.533325
541 , 2.075897 , 28.718922 , 0.281078, 0.000000, 125.586189, 476.035034
542 , 2.067033 , 28.988844 , 0.011156, 0.000000, 125.732307, 260.389465
543 , 2.079927 , 28.596231 , 0.403769, 0.000000, 125.939774, 574.894409
544 , 2.069451 , 28.915228 , 0.084772, 0.000000, 126.184044, 320.185791
545 , 2.068645 , 28.939768 , 0.060232, 0.000000, 126.256546, 300.698822
546 , 2.070256 , 28.890690 , 0.109310, 0.000000, 126.341316, 340.130737
547 , 2.064615 , 29.062458 , -0.062458, 0.000000, 126.364746, 202.763062
548 , 2.069451 , 28.915228 , 0.084772, 0.000000, 126.375900, 320.569489
549 , 2.075897 , 28.718922 , 0.281078, 0.000000, 126.558823, 477.980316
550 , 2.067033 , 28.988844 , 0.011156, 0.000000, 126.704941, 262.334747
551 , 2.066227 , 29.013382 , -0.013382, 0.000000, 126.703827, 242.702087
552 , 2.071062 , 28.866152 , 0.133848, 0.000000, 126.764061, 360.606689
553 , 2.084762 , 28.449001 , 0.550999, 0.000000, 127.106483, 695.011902
554 , 2.071868 , 28.841614 , 0.158386, 0.000000, 127.461174, 381.631348
555 , 2.067839 , 28.964306 , 0.035694, 0.000000, 127.558212, 283.671722
556 , 2.068645 , 28.939768 , 0.060232, 0.000000, 127.606178, 303.398071
557 , 2.063810 , 29.086996 , -0.086996, 0.000000, 127.592796, 185.588730
558 , 2.067839 , 28.964306 , 0.035694, 0.000000, 127.567146, 283.689575
559 , 2.076703 , 28.694384 , 0.305616, 0.000000, 127.737801, 499.968689
560 , 2.077509 , 28.669846 , 0.330154, 0.000000, 128.055679, 520.234863
561 , 2.072674 , 28.817076 , 0.182924, 0.000000, 128.312225, 402.963867
562 , 2.078315 , 28.645308 , 0.354692, 0.000000, 128.581039, 540.916016
563 , 2.072674 , 28.817076 , 0.182924, 0.000000, 128.849854, 404.039124
564 , 2.075092 , 28.743462 , 0.256538, 0.000000, 129.069580, 463.369873
565 , 2.072674 , 28.817076 , 0.182924, 0.000000, 129.289307, 404.918030
566 , 2.075092 , 28.743462 , 0.256538, 0.000000, 129.509033, 464.248779
567 , 2.063004 , 29.111534 , -0.111534, 0.000000, 129.581543, 169.935791
568 , 2.066227 , 29.013382 , -0.013382, 0.000000, 129.519089, 248.332611
569 , 2.073480 , 28.792538 , 0.207462, 0.000000, 129.616135, 425.202118
570 , 2.075092 , 28.743462 , 0.256538, 0.000000, 129.848129, 464.926971
571 , 2.063004 , 29.111534 , -0.111534, 0.000000, 129.920624, 170.613953
572 , 2.073480 , 28.792538 , 0.207462, 0.000000, 129.968582, 425.907013
573 , 2.063004 , 29.111534 , -0.111534, 0.000000, 130.016541, 170.805786
574 , 2.064615 , 29.062458 , -0.062458, 0.000000, 129.929550, 209.892670
575 , 2.063004 , 29.111534 , -0.111534, 0.000000, 129.842560, 170.457825
576 , 2.078315 , 28.645308 , 0.354692, 0.000000, 129.964142, 543.682251
577 , 2.072674 , 28.817076 , 0.182924, 0.000000, 130.232956, 406.805328
578 , 2.075092 , 28.743462 , 0.256538, 0.000000, 130.452682, 466.136078
579 , 2.069451 , 28.915228 , 0.084772, 0.000000, 130.623337, 329.064362
580 , 2.072674 , 28.817076 , 0.182924, 0.000000, 130.757187, 407.853790
581 , 2.070256 , 28.890690 , 0.109310, 0.000000, 130.903305, 349.254730
582 , 2.063004 , 29.111534 , -0.111534, 0.000000, 130.902191, 172.577087
583 , 2.060586 , 29.185158 , -0.185158, 0.000000, 130.753845, 113.381470
584 , 2.063004 , 29.111534 , -0.111534, 0.000000, 130.605499, 171.983704
585 , 2.072674 , 28.817076 , 0.182924, 0.000000, 130.641190, 407.621796
586 , 2.075092 , 28.743462 , 0.256538, 0.000000, 130.860916, 466.952545
587 , 2.062198 , 29.136080 , -0.136080, 0.000000, 130.921143, 152.978455
588 , 2.063810 , 29.086996 , -0.086996, 0.000000, 130.809601, 192.022339
589 , 2.063810 , 29.086996 , -0.086996, 0.000000, 130.722610, 191.848358
590 , 2.063004 , 29.111534 , -0.111534, 0.000000, 130.623352, 172.019409
591 , 2.075092 , 28.743462 , 0.256538, 0.000000, 130.695862, 466.622437
592 , 2.075092 , 28.743462 , 0.256538, 0.000000, 130.952393, 467.135498
593 , 2.073480 , 28.792538 , 0.207462, 0.000000, 131.184387, 428.338623
594 , 2.075092 , 28.743462 , 0.256538, 0.000000, 131.416382, 468.063477
595 , 2.066227 , 29.013382 , -0.013382, 0.000000, 131.537964, 252.370361
596 , 2.071062 , 28.866152 , 0.133848, 0.000000, 131.598190, 370.274933
597 , 2.063004 , 29.111534 , -0.111534, 0.000000, 131.609344, 173.991394
598 , 2.074286 , 28.768000 , 0.232000, 0.000000, 131.669571, 448.939423
599 , 2.072674 , 28.817076 , 0.182924, 0.000000, 131.877029, 410.093475
600 , 2.069451 , 28.915228 , 0.084772, 0.000000, 132.010880, 331.839447
601 , 2.063004 , 29.111534 , -0.111534, 0.000000, 131.997498, 174.767700
602 , 2.067839 , 28.964306 , 0.035694, 0.000000, 131.959579, 292.474457
603 , 2.067033 , 28.988844 , 0.011156, 0.000000, 131.983002, 272.890869
604 , 2.067033 , 28.988844 , 0.011156, 0.000000, 131.994156, 272.913177
605 , 2.075092 , 28.743462 , 0.256538, 0.000000, 132.128006, 469.486725
606 , 2.066227 , 29.013382 , -0.013382, 0.000000, 132.249588, 253.793610
607 , 2.074286 , 28.768000 , 0.232000, 0.000000, 132.358902, 450.318085
608 , 2.075092 , 28.743462 , 0.256538, 0.000000, 132.603165, 470.437042
609 , 2.063004 , 29.111534 , -0.111534, 0.000000, 132.675659, 176.124023
610 , 2.063004 , 29.111534 , -0.111534, 0.000000, 132.564117, 175.900940
611 , 2.065421 , 29.037920 , -0.037920, 0.000000, 132.489395, 234.642792
612 , 2.075092 , 28.743462 , 0.256538, 0.000000, 132.598709, 470.428131
613 , 2.063004 , 29.111534 , -0.111534, 0.000000, 132.671204, 176.115112
614 , 2.072674 , 28.817076 , 0.182924, 0.000000, 132.706894, 411.753204
615 , 2.063810 , 29.086996 , -0.086996, 0.000000, 132.754852, 195.912842
616 , 2.063004 , 29.111534 , -0.111534, 0.000000, 132.655594, 176.083893
617 , 2.062198 , 29.136080 , -0.136080, 0.000000, 132.531784, 156.199738
618 , 2.063810 , 29.086996 , -0.086996, 0.000000, 132.420242, 195.243622
619 , 2.073480 , 28.792538 , 0.207462, 0.000000, 132.480469, 430.930786
620 , 2.063004 , 29.111534 , -0.111534, 0.000000, 132.528427, 175.829559
621 , 2.065421 , 29.037920 , -0.037920, 0.000000, 132.453705, 234.571411
622 , 2.071868 , 28.841614 , 0.158386, 0.000000, 132.513931, 391.736847
623 , 2.063004 , 29.111534 , -0.111534, 0.000000, 132.537354, 175.847412
624 , 2.075092 , 28.743462 , 0.256538, 0.000000, 132.609863, 470.450439
625 , 2.063810 , 29.086996 , -0.086996, 0.000000, 132.694641, 195.792419
626 , 2.071868 , 28.841614 , 0.158386, 0.000000, 132.730331, 392.169647
627 , 2.067839 , 28.964306 , 0.035694, 0.000000, 132.827377, 294.210052
628 , 2.063004 , 29.111534 , -0.111534, 0.000000, 132.789459, 176.351624
629 , 2.063004 , 29.111534 , -0.111534, 0.000000, 132.677917, 176.128540
630 , 2.063810 , 29.086996 , -0.086996, 0.000000, 132.578659, 195.560455
631 , 2.063810 , 29.086996 , -0.086996, 0.000000, 132.491669, 195.386475
632 , 2.071868 , 28.841614 , 0.158386, 0.000000, 132.527359, 391.763702
633 , 2.063004 , 29.111534 , -0.111534, 0.000000, 132.550781, 175.874268
634 , 2.063004 , 29.111534 , -0.111534, 0.000000, 132.439240, 175.651184
635 , 2.063004 , 29.111534 , -0.111534, 0.000000, 132.327698, 175.428101
636 , 2.075092 , 28.743462 , 0.256538, 0.000000, 132.400208, 470.031128
637 , 2.063810 , 29.086996 , -0.086996, 0.000000, 132.484985, 195.373108
638 , 2.075092 , 28.743462 , 0.256538, 0.000000, 132.569763, 470.370239
639 , 2.067033 , 28.988844 , 0.011156, 0.000000, 132.703613, 274.332092
640 , 2.075092 , 28.743462 , 0.256538, 0.000000, 132.837463, 470.905640
641 , 2.063004 , 29.111534 , -0.111534, 0.000000, 132.909973, 176.592651
642 , 2.073480 , 28.792538 , 0.207462, 0.000000, 132.957932, 431.885712
643 , 2.063004 , 29.111534 , -0.111534, 0.000000, 133.005890, 176.784485
644 , 2.066227 , 29.013382 , -0.013382, 0.000000, 132.943436, 255.181305
645 , 2.064615 , 29.062458 , -0.062458, 0.000000, 132.905518, 215.844604
646 , 2.081538 , 28.547155 , 0.452845, 0.000000, 133.100708, 628.477112
647 , 2.063004 , 29.111534 , -0.111534, 0.000000, 133.271362, 177.315430
648 , 2.075092 , 28.743462 , 0.256538, 0.000000, 133.343872, 471.918457
649 , 2.069451 , 28.915228 , 0.084772, 0.000000, 133.514526, 334.846741
650 , 2.075092 , 28.743462 , 0.256538, 0.000000, 133.685181, 472.601074
651 , 2.078315 , 28.645308 , 0.354692, 0.000000, 133.990799, 551.735596
652 , 2.064615 , 29.062458 , -0.062458, 0.000000, 134.136917, 218.307404
653 , 2.058974 , 29.234234 , -0.234234, 0.000000, 133.988571, 80.590057
654 , 2.067033 , 28.988844 , 0.011156, 0.000000, 133.877029, 276.678925
655 , 2.068645 , 28.939768 , 0.060232, 0.000000, 133.912720, 316.011169
656 , 2.067033 , 28.988844 , 0.011156, 0.000000, 133.948410, 276.821686
657 , 2.065421 , 29.037920 , -0.037920, 0.000000, 133.935028, 237.534058
658 , 2.073480 , 28.792538 , 0.207462, 0.000000, 134.019806, 434.009460
659 , 2.066227 , 29.013382 , -0.013382, 0.000000, 134.116852, 257.528137
660 , 2.067033 , 28.988844 , 0.011156, 0.000000, 134.115738, 277.156342
661 , 2.063004 , 29.111534 , -0.111534, 0.000000, 134.065552, 178.903809
662 , 2.064615 , 29.062458 , -0.062458, 0.000000, 133.978561, 217.990692
663 , 2.071062 , 28.866152 , 0.133848, 0.000000, 134.014252, 375.107056
664 , 2.064615 , 29.062458 , -0.062458, 0.000000, 134.049942, 218.133453
665 , 2.063004 , 29.111534 , -0.111534, 0.000000, 133.962952, 178.698608
666 , 2.063810 , 29.086996 , -0.086996, 0.000000, 133.863693, 198.130524
667 , 2.063004 , 29.111534 , -0.111534, 0.000000, 133.764435, 178.301575
668 , 2.073480 , 28.792538 , 0.207462, 0.000000, 133.812393, 433.594635
669 , 2.071062 , 28.866152 , 0.133848, 0.000000, 133.983047, 375.044647
670 , 2.070256 , 28.890690 , 0.109310, 0.000000, 134.104630, 355.657379
671 , 2.075092 , 28.743462 , 0.256538, 0.000000, 134.287552, 473.805817
672 , 2.068645 , 28.939768 , 0.060232, 0.000000, 134.445938, 317.077606
673 , 2.071868 , 28.841614 , 0.158386, 0.000000, 134.555252, 395.819489
674 , 2.063004 , 29.111534 , -0.111534, 0.000000, 134.578674, 179.930054
675 , 2.063004 , 29.111534 , -0.111534, 0.000000, 134.467133, 179.706970
676 , 2.067839 , 28.964306 , 0.035694, 0.000000, 134.429214, 297.413727
677 , 2.063004 , 29.111534 , -0.111534, 0.000000, 134.391296, 179.555298
678 , 2.063004 , 29.111534 , -0.111534, 0.000000, 134.279755, 179.332214
679 , 2.071868 , 28.841614 , 0.158386, 0.000000, 134.303177, 395.315338
680 , 2.078315 , 28.645308 , 0.354692, 0.000000, 134.559723, 552.873413
681 , 2.062198 , 29.136080 , -0.136080, 0.000000, 134.669037, 160.474243
682 , 2.069451 , 28.915228 , 0.084772, 0.000000, 134.643387, 337.104462
683 , 2.075092 , 28.743462 , 0.256538, 0.000000, 134.814041, 474.858795
684 , 2.069451 , 28.915228 , 0.084772, 0.000000, 134.984695, 337.787079
685 , 2.071868 , 28.841614 , 0.158386, 0.000000, 135.106277, 396.921539
686 , 2.069451 , 28.915228 , 0.084772, 0.000000, 135.227859, 338.273407
687 , 2.071868 , 28.841614 , 0.158386, 0.000000, 135.349442, 397.407867
688 , 2.066227 , 29.013382 , -0.013382, 0.000000, 135.421936, 260.138306
689 , 2.063810 , 29.086996 , -0.086996, 0.000000, 135.371750, 201.146637
690 , 2.063810 , 29.086996 , -0.086996, 0.000000, 135.284760, 200.972656
691 , 2.075092 , 28.743462 , 0.256538, 0.000000, 135.369537, 475.969788
692 , 2.078315 , 28.645308 , 0.354692, 0.000000, 135.675156, 555.104248
693 , 2.067033 , 28.988844 , 0.011156, 0.000000, 135.858078, 280.641022
694 , 2.069451 , 28.915228 , 0.084772, 0.000000, 135.906036, 339.629761
695 , 2.074286 , 28.768000 , 0.232000, 0.000000, 136.064423, 457.729126
696 , 2.064615 , 29.062458 , -0.062458, 0.000000, 136.149200, 222.331970
697 , 2.063004 , 29.111534 , -0.111534, 0.000000, 136.062210, 182.897125
698 , 2.067033 , 28.988844 , 0.011156, 0.000000, 136.012024, 280.948914
699 , 2.075092 , 28.743462 , 0.256538, 0.000000, 136.145874, 477.522461
700 , 2.071062 , 28.866152 , 0.133848, 0.000000, 136.341064, 379.760681
701 , 2.065421 , 29.037920 , -0.037920, 0.000000, 136.389023, 242.442047
702 , 2.074286 , 28.768000 , 0.232000, 0.000000, 136.486069, 458.572418
703 , 2.071062 , 28.866152 , 0.133848, 0.000000, 136.668991, 380.416534
704 , 2.068645 , 28.939768 , 0.060232, 0.000000, 136.766037, 321.717804
705 , 2.063004 , 29.111534 , -0.111534, 0.000000, 136.740387, 184.253479
706 , 2.075092 , 28.743462 , 0.256538, 0.000000, 136.812897, 478.856506
707 , 2.071868 , 28.841614 , 0.158386, 0.000000, 137.020355, 400.749695
708 , 2.057363 , 29.283310 , -0.283310, 0.000000, 136.957886, 47.267822
709 , 2.063004 , 29.111534 , -0.111534, 0.000000, 136.760468, 184.293640
710 , 2.056557 , 29.307848 , -0.307848, 0.000000, 136.550781, 26.823181
711 , 2.063004 , 29.111534 , -0.111534, 0.000000, 136.341095, 183.454895
712 , 2.075092 , 28.743462 , 0.256538, 0.000000, 136.413605, 478.057922
713 , 2.063004 , 29.111534 , -0.111534, 0.000000, 136.486115, 183.744934
714 , 2.063810 , 29.086996 , -0.086996, 0.000000, 136.386856, 203.176849
715 , 2.075092 , 28.743462 , 0.256538, 0.000000, 136.471634, 478.173981
716 , 2.063004 , 29.111534 , -0.111534, 0.000000, 136.544128, 183.860962
717 , 2.064615 , 29.062458 , -0.062458, 0.000000, 136.457138, 222.947845
718 , 2.063004 , 29.111534 , -0.111534, 0.000000, 136.370148, 183.513000
719 , 2.058168 , 29.258772 , -0.258772, 0.000000, 136.184998, 65.352478
720 , 2.071868 , 28.841614 , 0.158386, 0.000000, 136.134811, 398.978607
721 , 2.063810 , 29.086996 , -0.086996, 0.000000, 136.170502, 202.744141
722 , 2.055751 , 29.332386 , -0.332386, 0.000000, 135.960815, 6.012817
723 , 2.067033 , 28.988844 , 0.011156, 0.000000, 135.800201, 280.525269
724 , 2.064615 , 29.062458 , -0.062458, 0.000000, 135.774551, 221.582672
725 , 2.073480 , 28.792538 , 0.207462, 0.000000, 135.847046, 437.663940
726 , 2.081538 , 28.547155 , 0.452845, 0.000000, 136.177200, 634.630127
727 , 2.067033 , 28.988844 , 0.011156, 0.000000, 136.409195, 281.743256
728 , 2.063004 , 29.111534 , -0.111534, 0.000000, 136.359009, 183.490723
729 , 2.067033 , 28.988844 , 0.011156, 0.000000, 136.308823, 281.542511
730 , 2.072674 , 28.817076 , 0.182924, 0.000000, 136.405869, 419.151154
731 , 2.071062 , 28.866152 , 0.133848, 0.000000, 136.564255, 380.207062
732 , 2.053333 , 29.406002 , -0.406002, 0.000000, 136.428177, 0.000000
733 , 2.063004 , 29.111534 , -0.111534, 0.000000, 136.169403, 183.111511
734 , 2.067839 , 28.964306 , 0.035694, 0.000000, 136.131485, 300.818268
735 , 2.075092 , 28.743462 , 0.256538, 0.000000, 136.277603, 477.785919
736 , 2.067033 , 28.988844 , 0.011156, 0.000000, 136.411453, 281.747772
737 , 2.073480 , 28.792538 , 0.207462, 0.000000, 136.520767, 439.011383
738 , 2.075092 , 28.743462 , 0.256538, 0.000000, 136.752762, 478.736237
739 , 2.070256 , 28.890690 , 0.109310, 0.000000, 136.935684, 361.319489
740 , 2.063004 , 29.111534 , -0.111534, 0.000000, 136.934570, 184.641846
741 , 2.063004 , 29.111534 , -0.111534, 0.000000, 136.823029, 184.418762
742 , 2.075092 , 28.743462 , 0.256538, 0.000000, 136.895538, 479.021790
743 , 2.064615 , 29.062458 , -0.062458, 0.000000, 136.992584, 224.018738
744 , 2.073480 , 28.792538 , 0.207462, 0.000000, 137.065094, 440.100037
745 , 2.063004 , 29.111534 , -0.111534, 0.000000, 137.113052, 184.998810
746 , 2.063004 , 29.111534 , -0.111534, 0.000000, 137.001526, 184.775757
747 , 2.071868 , 28.841614 , 0.158386, 0.000000, 137.024948, 400.758881
748 , 2.071062 , 28.866152 , 0.133848, 0.000000, 137.171066, 381.420685
749 , 2.063004 , 29.111534 , -0.111534, 0.000000, 137.182220, 185.137146
750 , 2.063004 , 29.111534 , -0.111534, 0.000000, 137.070679, 184.914063
751 , 2.071868 , 28.841614 , 0.158386, 0.000000, 137.094101, 400.897186
752 , 2.063004 , 29.111534 , -0.111534, 0.000000, 137.117523, 185.007751
753 , 2.066227 , 29.013382 , -0.013382, 0.000000, 137.055069, 263.404572
754 , 2.071868 , 28.841614 , 0.158386, 0.000000, 137.127563, 400.964111
755 , 2.063004 , 29.111534 , -0.111534, 0.000000, 137.150986, 185.074677
756 , 2.069451 , 28.915228 , 0.084772, 0.000000, 137.137604, 342.092896
757 , 2.063810 , 29.086996 , -0.086996, 0.000000, 137.136490, 204.676117
758 , 2.073480 , 28.792538 , 0.207462, 0.000000, 137.196716, 440.363281
759 , 2.066227 , 29.013382 , -0.013382, 0.000000, 137.293762, 263.881958
760 , 2.066227 , 29.013382 , -0.013382, 0.000000, 137.280380, 263.855194
761 , 2.075092 , 28.743462 , 0.256538, 0.000000, 137.401962, 480.034637
762 , 2.061392 , 29.160618 , -0.160618, 0.000000, 137.449921, 146.405579
763 , 2.066227 , 29.013382 , -0.013382, 0.000000, 137.362915, 264.020264
764 , 2.075092 , 28.743462 , 0.256538, 0.000000, 137.484497, 480.199707
765 , 2.064615 , 29.062458 , -0.062458, 0.000000, 137.581543, 225.196655
766 , 2.071868 , 28.841614 , 0.158386, 0.000000, 137.629501, 401.967987
767 , 2.075092 , 28.743462 , 0.256538, 0.000000, 137.836960, 480.904633
768 , 2.065421 , 29.037920 , -0.037920, 0.000000, 137.946274, 245.556549
769 , 2.071868 , 28.841614 , 0.158386, 0.000000, 138.006500, 402.721985
770 , 2.071868 , 28.841614 , 0.158386, 0.000000, 138.164886, 403.038757
771 , 2.075092 , 28.743462 , 0.256538, 0.000000, 138.372345, 481.975403
772 , 2.063004 , 29.111534 , -0.111534, 0.000000, 138.444855, 187.662415
773 , 2.068645 , 28.939768 , 0.060232, 0.000000, 138.419205, 325.024139
774 , 2.073480 , 28.792538 , 0.207462, 0.000000, 138.553055, 443.075958
775 , 2.075092 , 28.743462 , 0.256538, 0.000000, 138.785049, 482.800812
776 , 2.063004 , 29.111534 , -0.111534, 0.000000, 138.857544, 188.487793
777 , 2.063004 , 29.111534 , -0.111534, 0.000000, 138.746002, 188.264709
778 , 2.069451 , 28.915228 , 0.084772, 0.000000, 138.732620, 345.282928
779 , 2.074286 , 28.768000 , 0.232000, 0.000000, 138.891006, 463.382294
780 , 2.070256 , 28.890690 , 0.109310, 0.000000, 139.061661, 365.571442
781 , 2.069451 , 28.915228 , 0.084772, 0.000000, 139.158707, 346.135101
782 , 2.070256 , 28.890690 , 0.109310, 0.000000, 139.255753, 365.959625
783 , 2.070256 , 28.890690 , 0.109310, 0.000000, 139.365067, 366.178253
784 , 2.075092 , 28.743462 , 0.256538, 0.000000, 139.547989, 484.326691
785 , 2.066227 , 29.013382 , -0.013382, 0.000000, 139.669571, 268.633575
786 , 2.075092 , 28.743462 , 0.256538, 0.000000, 139.791153, 484.813019
787 , 2.063004 , 29.111534 , -0.111534, 0.000000, 139.863647, 190.500000
788 , 2.063004 , 29.111534 , -0.111534, 0.000000, 139.752106, 190.276917
789 , 2.067033 , 28.988844 , 0.011156, 0.000000, 139.701920, 288.328705
790 , 2.063004 , 29.111534 , -0.111534, 0.000000, 139.651733, 190.076172
791 , 2.068645 , 28.939768 , 0.060232, 0.000000, 139.626083, 327.437897
792 , 2.063004 , 29.111534 , -0.111534, 0.000000, 139.600433, 189.973572
793 , 2.066227 , 29.013382 , -0.013382, 0.000000, 139.537979, 268.370392
794 , 2.064615 , 29.062458 , -0.062458, 0.000000, 139.500061, 229.033691
795 , 2.075092 , 28.743462 , 0.256538, 0.000000, 139.597107, 484.424927
796 , 2.075092 , 28.743462 , 0.256538, 0.000000, 139.853638, 484.937988
797 , 2.080733 , 28.571693 , 0.428307, 0.000000, 140.196060, 623.037354
798 , 2.069451 , 28.915228 , 0.084772, 0.000000, 140.452606, 348.722900
799 , 2.075092 , 28.743462 , 0.256538, 0.000000, 140.623260, 486.477234
800 , 2.071062 , 28.866152 , 0.133848, 0.000000, 140.818451, 388.715454
801 , 2.075092 , 28.743462 , 0.256538, 0.000000, 141.013641, 487.257996
802 , 2.066227 , 29.013382 , -0.013382, 0.000000, 141.135223, 271.564880
803 , 2.075092 , 28.743462 , 0.256538, 0.000000, 141.256805, 487.744324
804 , 2.071062 , 28.866152 , 0.133848, 0.000000, 141.451996, 389.982544
805 , 2.073480 , 28.792538 , 0.207462, 0.000000, 141.622650, 449.215149
806 , 2.071062 , 28.866152 , 0.133848, 0.000000, 141.793304, 390.665161
807 , 2.067839 , 28.964306 , 0.035694, 0.000000, 141.878082, 312.311462
808 , 2.067839 , 28.964306 , 0.035694, 0.000000, 141.913773, 312.382843
809 , 2.070256 , 28.890690 , 0.109310, 0.000000, 141.986267, 371.420654
810 , 2.067033 , 28.988844 , 0.011156, 0.000000, 142.046494, 293.017853
811 , 2.072674 , 28.817076 , 0.182924, 0.000000, 142.143539, 430.626495
812 , 2.067033 , 28.988844 , 0.011156, 0.000000, 142.240585, 293.406036
813 , 2.072674 , 28.817076 , 0.182924, 0.000000, 142.337631, 431.014679
814 , 2.070256 , 28.890690 , 0.109310, 0.000000, 142.483749, 372.415619
815 , 2.067033 , 28.988844 , 0.011156, 0.000000, 142.543976, 294.012817
816 , 2.064615 , 29.062458 , -0.062458, 0.000000, 142.518326, 235.070221
817 , 2.079927 , 28.596231 , 0.403769, 0.000000, 142.688980, 608.392822
818 , 2.075092 , 28.743462 , 0.256538, 0.000000, 143.019135, 491.268982
819 , 2.066227 , 29.013382 , -0.013382, 0.000000, 143.140717, 275.575867
820 , 2.071062 , 28.866152 , 0.133848, 0.000000, 143.200943, 393.480438
821 , 2.069451 , 28.915228 , 0.084772, 0.000000, 143.310257, 354.438202
822 , 2.063004 , 29.111534 , -0.111534, 0.000000, 143.296875, 197.366455
823 , 2.066227 , 29.013382 , -0.013382, 0.000000, 143.234421, 275.763275
824 , 2.078315 , 28.645308 , 0.354692, 0.000000, 143.405075, 570.564087
825 , 2.075092 , 28.743462 , 0.256538, 0.000000, 143.710693, 492.652100
826 , 2.067839 , 28.964306 , 0.035694, 0.000000, 143.856812, 316.268921
827 , 2.066227 , 29.013382 , -0.013382, 0.000000, 143.867966, 277.030365
828 , 2.071868 , 28.841614 , 0.158386, 0.000000, 143.940460, 414.589905
829 , 2.071868 , 28.841614 , 0.158386, 0.000000, 144.098846, 414.906677
830 , 2.075092 , 28.743462 , 0.256538, 0.000000, 144.306305, 493.843323
831 , 2.066227 , 29.013382 , -0.013382, 0.000000, 144.427887, 278.150208
832 , 2.078315 , 28.645308 , 0.354692, 0.000000, 144.598541, 572.951050
833 , 2.067839 , 28.964306 , 0.035694, 0.000000, 144.793732, 318.142761
834 , 2.071062 , 28.866152 , 0.133848, 0.000000, 144.878510, 396.835571
835 , 2.070256 , 28.890690 , 0.109310, 0.000000, 145.000092, 377.448303
836 , 2.073480 , 28.792538 , 0.207462, 0.000000, 145.158478, 456.286804
837 , 2.063004 , 29.111534 , -0.111534, 0.000000, 145.206436, 201.185577
838 , 2.064615 , 29.062458 , -0.062458, 0.000000, 145.119446, 240.272461
839 , 2.066227 , 29.013382 , -0.013382, 0.000000, 145.081528, 279.457489
840 , 2.063004 , 29.111534 , -0.111534, 0.000000, 145.019073, 200.810852
841 , 2.067033 , 28.988844 , 0.011156, 0.000000, 144.968887, 298.862640
842 , 2.075092 , 28.743462 , 0.256538, 0.000000, 145.102737, 495.436188
843 , 2.070256 , 28.890690 , 0.109310, 0.000000, 145.285660, 378.019440
844 , 2.074286 , 28.768000 , 0.232000, 0.000000, 145.456314, 476.512909
845 , 2.072674 , 28.817076 , 0.182924, 0.000000, 145.663773, 437.666962
846 , 2.063810 , 29.086996 , -0.086996, 0.000000, 145.711731, 221.826599
847 , 2.073480 , 28.792538 , 0.207462, 0.000000, 145.771957, 457.513763
848 , 2.064615 , 29.062458 , -0.062458, 0.000000, 145.844452, 241.722473
849 , 2.068645 , 28.939768 , 0.060232, 0.000000, 145.843338, 339.872406
850 , 2.068645 , 28.939768 , 0.060232, 0.000000, 145.903564, 339.992859
851 , 2.083150 , 28.498077 , 0.501923, 0.000000, 146.184647, 693.907349
852 , 2.066227 , 29.013382 , -0.013382, 0.000000, 146.428925, 282.152283
853 , 2.075092 , 28.743462 , 0.256538, 0.000000, 146.550507, 498.331726
854 , 2.067839 , 28.964306 , 0.035694, 0.000000, 146.696625, 321.948547
855 , 2.071062 , 28.866152 , 0.133848, 0.000000, 146.781403, 400.641357
856 , 2.064615 , 29.062458 , -0.062458, 0.000000, 146.817093, 243.667755
857 , 2.074286 , 28.768000 , 0.232000, 0.000000, 146.901871, 479.404022
858 , 2.066227 , 29.013382 , -0.013382, 0.000000, 147.011185, 283.316803
859 , 2.080733 , 28.571693 , 0.428307, 0.000000, 147.218643, 637.082520
860 , 2.075092 , 28.743462 , 0.256538, 0.000000, 147.561066, 500.352844
861 , 2.075092 , 28.743462 , 0.256538, 0.000000, 147.817596, 500.865906
862 , 2.067033 , 28.988844 , 0.011156, 0.000000, 147.951447, 304.827759
863 , 2.063004 , 29.111534 , -0.111534, 0.000000, 147.901260, 206.575226
864 , 2.073480 , 28.792538 , 0.207462, 0.000000, 147.949219, 461.868286
865 , 2.063004 , 29.111534 , -0.111534, 0.000000, 147.997177, 206.767059
866 , 2.064615 , 29.062458 , -0.062458, 0.000000, 147.910187, 245.853943
867 , 2.071062 , 28.866152 , 0.133848, 0.000000, 147.945877, 402.970306
868 , 2.074286 , 28.768000 , 0.232000, 0.000000, 148.128799, 481.857880
869 , 2.080733 , 28.571693 , 0.428307, 0.000000, 148.458954, 639.563171
870 , 2.072674 , 28.817076 , 0.182924, 0.000000, 148.764572, 443.868561
871 , 2.063810 , 29.086996 , -0.086996, 0.000000, 148.812531, 228.028198
872 , 2.075092 , 28.743462 , 0.256538, 0.000000, 148.897308, 503.025330
873 , 2.067839 , 28.964306 , 0.035694, 0.000000, 149.043427, 326.642151
874 , 2.071062 , 28.866152 , 0.133848, 0.000000, 149.128204, 405.334961
875 , 2.071062 , 28.866152 , 0.133848, 0.000000, 149.262054, 405.602661
876 , 2.077509 , 28.669846 , 0.330154, 0.000000, 149.494049, 563.111633
877 , 2.069451 , 28.915228 , 0.084772, 0.000000, 149.701508, 367.220703
878 , 2.068645 , 28.939768 , 0.060232, 0.000000, 149.774017, 347.733765
879 , 2.066227 , 29.013382 , -0.013382, 0.000000, 149.797440, 288.889313
880 , 2.063004 , 29.111534 , -0.111534, 0.000000, 149.734985, 210.242676
881 , 2.074286 , 28.768000 , 0.232000, 0.000000, 149.795212, 485.190704
882 , 2.075092 , 28.743462 , 0.256538, 0.000000, 150.039474, 505.309662
883 , 2.076703 , 28.694384 , 0.305616, 0.000000, 150.320557, 545.134216
884 , 2.075092 , 28.743462 , 0.256538, 0.000000, 150.601639, 506.433990
885 , 2.067033 , 28.988844 , 0.011156, 0.000000, 150.735489, 310.395844
886 , 2.066227 , 29.013382 , -0.013382, 0.000000, 150.734375, 290.763184
887 , 2.071062 , 28.866152 , 0.133848, 0.000000, 150.794601, 408.667755
888 , 2.066227 , 29.013382 , -0.013382, 0.000000, 150.854828, 291.004089
889 , 2.073480 , 28.792538 , 0.207462, 0.000000, 150.951874, 467.873596
890 , 2.075092 , 28.743462 , 0.256538, 0.000000, 151.183868, 507.598450
891 , 2.066227 , 29.013382 , -0.013382, 0.000000, 151.305450, 291.905334
892 , 2.063810 , 29.086996 , -0.086996, 0.000000, 151.255264, 232.913666
893 , 2.073480 , 28.792538 , 0.207462, 0.000000, 151.315491, 468.600830
894 , 2.063810 , 29.086996 , -0.086996, 0.000000, 151.375717, 233.154572
895 , 2.063004 , 29.111534 , -0.111534, 0.000000, 151.276459, 213.325623
896 , 2.063004 , 29.111534 , -0.111534, 0.000000, 151.164917, 213.102539
897 , 2.078315 , 28.645308 , 0.354692, 0.000000, 151.286499, 586.326965
898 , 2.075092 , 28.743462 , 0.256538, 0.000000, 151.592117, 508.414948
899 , 2.069451 , 28.915228 , 0.084772, 0.000000, 151.762772, 371.343231
900 , 2.069451 , 28.915228 , 0.084772, 0.000000, 151.847549, 371.512787
901 , 2.079927 , 28.596231 , 0.403769, 0.000000, 152.091827, 627.198486
902 , 2.073480 , 28.792538 , 0.207462, 0.000000, 152.397446, 470.764740
903 , 2.064615 , 29.062458 , -0.062458, 0.000000, 152.469940, 254.973450
904 , 2.066227 , 29.013382 , -0.013382, 0.000000, 152.432022, 294.158478
905 , 2.075092 , 28.743462 , 0.256538, 0.000000, 152.553604, 510.337921
906 , 2.070256 , 28.890690 , 0.109310, 0.000000, 152.736526, 392.921173
907 , 2.069451 , 28.915228 , 0.084772, 0.000000, 152.833572, 373.484833
908 , 2.068645 , 28.939768 , 0.060232, 0.000000, 152.906067, 353.997864
909 , 2.063004 , 29.111534 , -0.111534, 0.000000, 152.880417, 216.533539
910 , 2.074286 , 28.768000 , 0.232000, 0.000000, 152.940643, 491.481567
911 , 2.066227 , 29.013382 , -0.013382, 0.000000, 153.049957, 295.394348
912 , 2.066227 , 29.013382 , -0.013382, 0.000000, 153.036575, 295.367584
913 , 2.066227 , 29.013382 , -0.013382, 0.000000, 153.023193, 295.340820
914 , 2.066227 , 29.013382 , -0.013382, 0.000000, 153.009811, 295.314056
915 , 2.064615 , 29.062458 , -0.062458, 0.000000, 152.971893, 255.977356
916 , 2.064615 , 29.062458 , -0.062458, 0.000000, 152.909439, 255.852448
917 , 2.077509 , 28.669846 , 0.330154, 0.000000, 153.043289, 570.210083
918 , 2.069451 , 28.915228 , 0.084772, 0.000000, 153.250748, 374.319183
919 , 2.063004 , 29.111534 , -0.111534, 0.000000, 153.237366, 217.247437
920 , 2.064615 , 29.062458 , -0.062458, 0.000000, 153.150375, 256.334320
921 , 2.071062 , 28.866152 , 0.133848, 0.000000, 153.186066, 413.450684
922 , 2.075092 , 28.743462 , 0.256538, 0.000000, 153.381256, 511.993225
923 , 2.066227 , 29.013382 , -0.013382, 0.000000, 153.502838, 296.300110
924 , 2.057363 , 29.283310 , -0.283310, 0.000000, 153.354492, 80.061035
925 , 2.075092 , 28.743462 , 0.256538, 0.000000, 153.341110, 511.912933
926 , 2.071062 , 28.866152 , 0.133848, 0.000000, 153.536301, 414.151154
927 , 2.073480 , 28.792538 , 0.207462, 0.000000, 153.706955, 473.383759
928 , 2.080733 , 28.571693 , 0.428307, 0.000000, 154.024841, 650.694946
929 , 2.073480 , 28.792538 , 0.207462, 0.000000, 154.342728, 474.655304
930 , 2.067033 , 28.988844 , 0.011156, 0.000000, 154.452042, 317.828949
931 , 2.064615 , 29.062458 , -0.062458, 0.000000, 154.426392, 258.886353
932 , 2.065421 , 29.037920 , -0.037920, 0.000000, 154.376205, 278.416412
933 , 2.069451 , 28.915228 , 0.084772, 0.000000, 154.399628, 376.616943
934 , 2.075092 , 28.743462 , 0.256538, 0.000000, 154.570282, 514.371277
935 , 2.063004 , 29.111534 , -0.111534, 0.000000, 154.642792, 220.058289
936 , 2.076703 , 28.694384 , 0.305616, 0.000000, 154.739838, 553.972778
937 , 2.073480 , 28.792538 , 0.207462, 0.000000, 154.996384, 475.962616
938 , 2.063004 , 29.111534 , -0.111534, 0.000000, 155.044342, 220.861389
939 , 2.063810 , 29.086996 , -0.086996, 0.000000, 154.945084, 240.293304
940 , 2.067839 , 28.964306 , 0.035694, 0.000000, 154.919434, 338.394165
941 , 2.078315 , 28.645308 , 0.354692, 0.000000, 155.114624, 593.983215
942 , 2.075092 , 28.743462 , 0.256538, 0.000000, 155.420242, 516.071167
943 , 2.066227 , 29.013382 , -0.013382, 0.000000, 155.541824, 300.378082
944 , 2.069451 , 28.915228 , 0.084772, 0.000000, 155.577515, 378.972717
945 , 2.069451 , 28.915228 , 0.084772, 0.000000, 155.662292, 379.142273
946 , 2.078315 , 28.645308 , 0.354692, 0.000000, 155.882019, 595.518005
947 , 2.075092 , 28.743462 , 0.256538, 0.000000, 156.187637, 517.605957
948 , 2.074286 , 28.768000 , 0.232000, 0.000000, 156.431900, 498.464081
949 , 2.064615 , 29.062458 , -0.062458, 0.000000, 156.516678, 263.066925
950 , 2.075092 , 28.743462 , 0.256538, 0.000000, 156.613724, 518.458130
951 , 2.069451 , 28.915228 , 0.084772, 0.000000, 156.784378, 381.386444
952 , 2.073480 , 28.792538 , 0.207462, 0.000000, 156.930496, 479.830841
953 , 2.066227 , 29.013382 , -0.013382, 0.000000, 157.027542, 303.349518
954 , 2.064615 , 29.062458 , -0.062458, 0.000000, 156.989624, 264.012817
955 , 2.071062 , 28.866152 , 0.133848, 0.000000, 157.025314, 421.129181
956 , 2.070256 , 28.890690 , 0.109310, 0.000000, 157.146896, 401.741913
957 , 2.071062 , 28.866152 , 0.133848, 0.000000, 157.268478, 421.615509
958 , 2.065421 , 29.037920 , -0.037920, 0.000000, 157.316437, 284.296875
959 , 2.066227 , 29.013382 , -0.013382, 0.000000, 157.290787, 303.876007
960 , 2.083150 , 28.498077 , 0.501923, 0.000000, 157.535065, 716.608215
961 , 2.075092 , 28.743462 , 0.256538, 0.000000, 157.914291, 521.059326
962 , 2.066227 , 29.013382 , -0.013382, 0.000000, 158.035873, 305.366180
963 , 2.069451 , 28.915228 , 0.084772, 0.000000, 158.071564, 383.960815
964 , 2.075092 , 28.743462 , 0.256538, 0.000000, 158.242218, 521.715149
965 , 2.064615 , 29.062458 , -0.062458, 0.000000, 158.339264, 266.712097
966 , 2.066227 , 29.013382 , -0.013382, 0.000000, 158.301346, 305.897125
967 , 2.067839 , 28.964306 , 0.035694, 0.000000, 158.312500, 345.180298
968 , 2.069451 , 28.915228 , 0.084772, 0.000000, 158.372726, 384.563141
969 , 2.069451 , 28.915228 , 0.084772, 0.000000, 158.457504, 384.732697
970 , 2.063810 , 29.086996 , -0.086996, 0.000000, 158.456390, 247.315918
971 , 2.074286 , 28.768000 , 0.232000, 0.000000, 158.528900, 502.658081
972 , 2.064615 , 29.062458 , -0.062458, 0.000000, 158.613678, 267.260925
973 , 2.063810 , 29.086996 , -0.086996, 0.000000, 158.538956, 247.481049
974 , 2.075092 , 28.743462 , 0.256538, 0.000000, 158.623734, 522.478149
975 , 2.075092 , 28.743462 , 0.256538, 0.000000, 158.880280, 522.991272
976 , 2.071868 , 28.841614 , 0.158386, 0.000000, 159.087738, 444.884460
977 , 2.075092 , 28.743462 , 0.256538, 0.000000, 159.295197, 523.821106
978 , 2.075092 , 28.743462 , 0.256538, 0.000000, 159.551727, 524.334167
979 , 2.064615 , 29.062458 , -0.062458, 0.000000, 159.648773, 269.331116
980 , 2.075092 , 28.743462 , 0.256538, 0.000000, 159.745819, 524.722351
981 , 2.071062 , 28.866152 , 0.133848, 0.000000, 159.941010, 426.960571
982 , 2.075092 , 28.743462 , 0.256538, 0.000000, 160.136200, 525.503113
983 , 2.071062 , 28.866152 , 0.133848, 0.000000, 160.331390, 427.741333
984 , 2.069451 , 28.915228 , 0.084772, 0.000000, 160.440704, 388.699097
985 , 2.070256 , 28.890690 , 0.109310, 0.000000, 160.537750, 408.523621
986 , 2.063004 , 29.111534 , -0.111534, 0.000000, 160.536636, 231.845978
987 , 2.069451 , 28.915228 , 0.084772, 0.000000, 160.523254, 388.864197
988 , 2.080733 , 28.571693 , 0.428307, 0.000000, 160.779800, 664.204834
989 , 2.063004 , 29.111534 , -0.111534, 0.000000, 160.938187, 232.649078
990 , 2.066227 , 29.013382 , -0.013382, 0.000000, 160.875732, 311.045898
991 , 2.053333 , 29.406002 , -0.406002, 0.000000, 160.666046, 0.000000
992 , 2.075092 , 28.743462 , 0.256538, 0.000000, 160.591309, 526.413330
993 , 2.073480 , 28.792538 , 0.207462, 0.000000, 160.823303, 487.616455
994 , 2.060586 , 29.185158 , -0.185158, 0.000000, 160.834457, 173.542694
995 , 2.071868 , 28.841614 , 0.158386, 0.000000, 160.821075, 448.351135
996 , 2.064615 , 29.062458 , -0.062458, 0.000000, 160.869034, 271.771637
997 , 2.056557 , 29.307848 , -0.307848, 0.000000, 160.683884, 75.089386
998 , 2.068645 , 28.939768 , 0.060232, 0.000000, 160.560074, 369.305878
999 , 2.063004 , 29.111534 , -0.111534, 0.000000, 160.534424, 231.841553
1000 , 2.075092 , 28.743462 , 0.256538, 0.000000, 160.606934, 526.444580
1001 , 2.079927 , 28.596231 , 0.403769, 0.000000, 160.937088, 644.889038
1002 , 2.068645 , 28.939768 , 0.060232, 0.000000, 161.169083, 370.523895
1003 , 2.071868 , 28.841614 , 0.158386, 0.000000, 161.278397, 449.265778
1004 , 2.063004 , 29.111534 , -0.111534, 0.000000, 161.301819, 233.376343
1005 , 2.075092 , 28.743462 , 0.256538, 0.000000, 161.374329, 527.979370
1006 , 2.072674 , 28.817076 , 0.182924, 0.000000, 161.594055, 469.527527
1007 , 2.075092 , 28.743462 , 0.256538, 0.000000, 161.813782, 528.858276
1008 , 2.075092 , 28.743462 , 0.256538, 0.000000, 162.070313, 529.371338
1009 , 2.075092 , 28.743462 , 0.256538, 0.000000, 162.326843, 529.884399
1010 , 2.064615 , 29.062458 , -0.062458, 0.000000, 162.423889, 274.881348
1011 , 2.069451 , 28.915228 , 0.084772, 0.000000, 162.435043, 392.687775
1012 , 2.063004 , 29.111534 , -0.111534, 0.000000, 162.421661, 235.616028
1013 , 2.075092 , 28.743462 , 0.256538, 0.000000, 162.494171, 530.219055
1014 , 2.071062 , 28.866152 , 0.133848, 0.000000, 162.689362, 432.457275
1015 , 2.075092 , 28.743462 , 0.256538, 0.000000, 162.884552, 530.999817
1016 , 2.068645 , 28.939768 , 0.060232, 0.000000, 163.042938, 374.271606
1017 , 2.072674 , 28.817076 , 0.182924, 0.000000, 163.164520, 472.668457
1018 , 2.071062 , 28.866152 , 0.133848, 0.000000, 163.322906, 433.724365
1019 , 2.069451 , 28.915228 , 0.084772, 0.000000, 163.432220, 394.682129
1020 , 2.074286 , 28.768000 , 0.232000, 0.000000, 163.590607, 512.781494
1021 , 2.067033 , 28.988844 , 0.011156, 0.000000, 163.712189, 336.349243
1022 , 2.061392 , 29.160618 , -0.160618, 0.000000, 163.637451, 198.780640
1023 , 2.064615 , 29.062458 , -0.062458, 0.000000, 163.525909, 277.085388
1024 , 2.071868 , 28.841614 , 0.158386, 0.000000, 163.573868, 453.856720
1025 , 2.063004 , 29.111534 , -0.111534, 0.000000, 163.597290, 237.967285
1026 , 2.068645 , 28.939768 , 0.060232, 0.000000, 163.571640, 375.329010
1027 , 2.064615 , 29.062458 , -0.062458, 0.000000, 163.570526, 277.174622
1028 , 2.064615 , 29.062458 , -0.062458, 0.000000, 163.508072, 277.049713
1029 , 2.075092 , 28.743462 , 0.256538, 0.000000, 163.605118, 532.440918
1030 , 2.069451 , 28.915228 , 0.084772, 0.000000, 163.775772, 395.369232
1031 , 2.064615 , 29.062458 , -0.062458, 0.000000, 163.786926, 277.607422
1032 , 2.071868 , 28.841614 , 0.158386, 0.000000, 163.834885, 454.378754
